implementation,variant,graph,source,repeat,vertices,directed_edges,avg_degree,time_ms,gteps,reachable,max_depth,graphfirst_max_level,top_down_launches,bottom_up_launches,command
linear-algebraic,baseline,medium_chain.edgelist,0,1,1000,1998,2.0,25.522,7.82854008306559e-05,1000,999,,,,/global/u1/a/aakaash/cs5220-final/parallel-bfs/build/bfs_linalg /global/u1/a/aakaash/cs5220-final/parallel-bfs/test-graphs/medium_chain.edgelist 0 baseline
linear-algebraic,warp,medium_chain.edgelist,0,1,1000,1998,2.0,21.212,9.419196681123893e-05,1000,999,,,,/global/u1/a/aakaash/cs5220-final/parallel-bfs/build/bfs_linalg /global/u1/a/aakaash/cs5220-final/parallel-bfs/test-graphs/medium_chain.edgelist 0 warp
linear-algebraic,bitmap,medium_chain.edgelist,0,1,1000,1998,2.0,19.382,0.00010308533691053554,1000,999,,,,/global/u1/a/aakaash/cs5220-final/parallel-bfs/build/bfs_linalg /global/u1/a/aakaash/cs5220-final/parallel-bfs/test-graphs/medium_chain.edgelist 0 bitmap
linear-algebraic,pushpull,medium_chain.edgelist,0,1,1000,1998,2.0,38.374,5.2066503361651113e-05,1000,999,,,,/global/u1/a/aakaash/cs5220-final/parallel-bfs/build/bfs_linalg /global/u1/a/aakaash/cs5220-final/parallel-bfs/test-graphs/medium_chain.edgelist 0 pushpull
linear-algebraic,warpbitmap,medium_chain.edgelist,0,1,1000,1998,2.0,19.981,9.99949952454832e-05,1000,999,,,,/global/u1/a/aakaash/cs5220-final/parallel-bfs/build/bfs_linalg /global/u1/a/aakaash/cs5220-final/parallel-bfs/test-graphs/medium_chain.edgelist 0 warpbitmap
graph-first,direction-optimizing,medium_chain.edgelist,0,1,1000,1998,2.0,34.093,5.860440559645674e-05,1000,999,999,1000,0,/global/u1/a/aakaash/cs5220-final/parallel-bfs/build/bfs_graphfirst /global/u1/a/aakaash/cs5220-final/parallel-bfs/test-graphs/medium_chain.edgelist 0
linear-algebraic,baseline,medium_chain.edgelist,0,2,1000,1998,2.0,19.021,0.00010504179590978392,1000,999,,,,/global/u1/a/aakaash/cs5220-final/parallel-bfs/build/bfs_linalg /global/u1/a/aakaash/cs5220-final/parallel-bfs/test-graphs/medium_chain.edgelist 0 baseline
linear-algebraic,warp,medium_chain.edgelist,0,2,1000,1998,2.0,19.115,0.00010452524195657861,1000,999,,,,/global/u1/a/aakaash/cs5220-final/parallel-bfs/build/bfs_linalg /global/u1/a/aakaash/cs5220-final/parallel-bfs/test-graphs/medium_chain.edgelist 0 warp
linear-algebraic,bitmap,medium_chain.edgelist,0,2,1000,1998,2.0,25.474,7.843291198869436e-05,1000,999,,,,/global/u1/a/aakaash/cs5220-final/parallel-bfs/build/bfs_linalg /global/u1/a/aakaash/cs5220-final/parallel-bfs/test-graphs/medium_chain.edgelist 0 bitmap
linear-algebraic,pushpull,medium_chain.edgelist,0,2,1000,1998,2.0,31.98,6.24765478424015e-05,1000,999,,,,/global/u1/a/aakaash/cs5220-final/parallel-bfs/build/bfs_linalg /global/u1/a/aakaash/cs5220-final/parallel-bfs/test-graphs/medium_chain.edgelist 0 pushpull
linear-algebraic,warpbitmap,medium_chain.edgelist,0,2,1000,1998,2.0,18.875,0.0001058543046357616,1000,999,,,,/global/u1/a/aakaash/cs5220-final/parallel-bfs/build/bfs_linalg /global/u1/a/aakaash/cs5220-final/parallel-bfs/test-graphs/medium_chain.edgelist 0 warpbitmap
graph-first,direction-optimizing,medium_chain.edgelist,0,2,1000,1998,2.0,31.779,6.287170773152081e-05,1000,999,999,1000,0,/global/u1/a/aakaash/cs5220-final/parallel-bfs/build/bfs_graphfirst /global/u1/a/aakaash/cs5220-final/parallel-bfs/test-graphs/medium_chain.edgelist 0
linear-algebraic,baseline,medium_chain.edgelist,0,3,1000,1998,2.0,18.84,0.00010605095541401273,1000,999,,,,/global/u1/a/aakaash/cs5220-final/parallel-bfs/build/bfs_linalg /global/u1/a/aakaash/cs5220-final/parallel-bfs/test-graphs/medium_chain.edgelist 0 baseline
linear-algebraic,warp,medium_chain.edgelist,0,3,1000,1998,2.0,19.162,0.00010426886546289532,1000,999,,,,/global/u1/a/aakaash/cs5220-final/parallel-bfs/build/bfs_linalg /global/u1/a/aakaash/cs5220-final/parallel-bfs/test-graphs/medium_chain.edgelist 0 warp
linear-algebraic,bitmap,medium_chain.edgelist,0,3,1000,1998,2.0,18.578,0.00010754656044784154,1000,999,,,,/global/u1/a/aakaash/cs5220-final/parallel-bfs/build/bfs_linalg /global/u1/a/aakaash/cs5220-final/parallel-bfs/test-graphs/medium_chain.edgelist 0 bitmap
linear-algebraic,pushpull,medium_chain.edgelist,0,3,1000,1998,2.0,31.984,6.246873436718359e-05,1000,999,,,,/global/u1/a/aakaash/cs5220-final/parallel-bfs/build/bfs_linalg /global/u1/a/aakaash/cs5220-final/parallel-bfs/test-graphs/medium_chain.edgelist 0 pushpull
linear-algebraic,warpbitmap,medium_chain.edgelist,0,3,1000,1998,2.0,19.353,0.00010323980778173926,1000,999,,,,/global/u1/a/aakaash/cs5220-final/parallel-bfs/build/bfs_linalg /global/u1/a/aakaash/cs5220-final/parallel-bfs/test-graphs/medium_chain.edgelist 0 warpbitmap
graph-first,direction-optimizing,medium_chain.edgelist,0,3,1000,1998,2.0,32.543,6.13956918538549e-05,1000,999,999,1000,0,/global/u1/a/aakaash/cs5220-final/parallel-bfs/build/bfs_graphfirst /global/u1/a/aakaash/cs5220-final/parallel-bfs/test-graphs/medium_chain.edgelist 0
linear-algebraic,baseline,medium_chain.edgelist,0,4,1000,1998,2.0,19.635,0.00010175706646294881,1000,999,,,,/global/u1/a/aakaash/cs5220-final/parallel-bfs/build/bfs_linalg /global/u1/a/aakaash/cs5220-final/parallel-bfs/test-graphs/medium_chain.edgelist 0 baseline
linear-algebraic,warp,medium_chain.edgelist,0,4,1000,1998,2.0,21.851,9.143746281634708e-05,1000,999,,,,/global/u1/a/aakaash/cs5220-final/parallel-bfs/build/bfs_linalg /global/u1/a/aakaash/cs5220-final/parallel-bfs/test-graphs/medium_chain.edgelist 0 warp
linear-algebraic,bitmap,medium_chain.edgelist,0,4,1000,1998,2.0,19.541,0.00010224655851798782,1000,999,,,,/global/u1/a/aakaash/cs5220-final/parallel-bfs/build/bfs_linalg /global/u1/a/aakaash/cs5220-final/parallel-bfs/test-graphs/medium_chain.edgelist 0 bitmap
linear-algebraic,pushpull,medium_chain.edgelist,0,4,1000,1998,2.0,35.04,5.702054794520548e-05,1000,999,,,,/global/u1/a/aakaash/cs5220-final/parallel-bfs/build/bfs_linalg /global/u1/a/aakaash/cs5220-final/parallel-bfs/test-graphs/medium_chain.edgelist 0 pushpull
linear-algebraic,warpbitmap,medium_chain.edgelist,0,4,1000,1998,2.0,20.105,9.937826411340463e-05,1000,999,,,,/global/u1/a/aakaash/cs5220-final/parallel-bfs/build/bfs_linalg /global/u1/a/aakaash/cs5220-final/parallel-bfs/test-graphs/medium_chain.edgelist 0 warpbitmap
graph-first,direction-optimizing,medium_chain.edgelist,0,4,1000,1998,2.0,34.123,5.855288222020339e-05,1000,999,999,1000,0,/global/u1/a/aakaash/cs5220-final/parallel-bfs/build/bfs_graphfirst /global/u1/a/aakaash/cs5220-final/parallel-bfs/test-graphs/medium_chain.edgelist 0
linear-algebraic,baseline,medium_chain.edgelist,0,5,1000,1998,2.0,19.16,0.00010427974947807933,1000,999,,,,/global/u1/a/aakaash/cs5220-final/parallel-bfs/build/bfs_linalg /global/u1/a/aakaash/cs5220-final/parallel-bfs/test-graphs/medium_chain.edgelist 0 baseline
linear-algebraic,warp,medium_chain.edgelist,0,5,1000,1998,2.0,19.424,0.00010286243822075782,1000,999,,,,/global/u1/a/aakaash/cs5220-final/parallel-bfs/build/bfs_linalg /global/u1/a/aakaash/cs5220-final/parallel-bfs/test-graphs/medium_chain.edgelist 0 warp
linear-algebraic,bitmap,medium_chain.edgelist,0,5,1000,1998,2.0,18.735,0.0001066453162530024,1000,999,,,,/global/u1/a/aakaash/cs5220-final/parallel-bfs/build/bfs_linalg /global/u1/a/aakaash/cs5220-final/parallel-bfs/test-graphs/medium_chain.edgelist 0 bitmap
linear-algebraic,pushpull,medium_chain.edgelist,0,5,1000,1998,2.0,32.285,6.18863249186929e-05,1000,999,,,,/global/u1/a/aakaash/cs5220-final/parallel-bfs/build/bfs_linalg /global/u1/a/aakaash/cs5220-final/parallel-bfs/test-graphs/medium_chain.edgelist 0 pushpull
linear-algebraic,warpbitmap,medium_chain.edgelist,0,5,1000,1998,2.0,19.088,0.00010467309304274937,1000,999,,,,/global/u1/a/aakaash/cs5220-final/parallel-bfs/build/bfs_linalg /global/u1/a/aakaash/cs5220-final/parallel-bfs/test-graphs/medium_chain.edgelist 0 warpbitmap
graph-first,direction-optimizing,medium_chain.edgelist,0,5,1000,1998,2.0,32.066,6.230898771284226e-05,1000,999,999,1000,0,/global/u1/a/aakaash/cs5220-final/parallel-bfs/build/bfs_graphfirst /global/u1/a/aakaash/cs5220-final/parallel-bfs/test-graphs/medium_chain.edgelist 0
linear-algebraic,baseline,medium_chain.edgelist,0,6,1000,1998,2.0,19.127,0.00010445966434882626,1000,999,,,,/global/u1/a/aakaash/cs5220-final/parallel-bfs/build/bfs_linalg /global/u1/a/aakaash/cs5220-final/parallel-bfs/test-graphs/medium_chain.edgelist 0 baseline
linear-algebraic,warp,medium_chain.edgelist,0,6,1000,1998,2.0,19.125,0.00010447058823529411,1000,999,,,,/global/u1/a/aakaash/cs5220-final/parallel-bfs/build/bfs_linalg /global/u1/a/aakaash/cs5220-final/parallel-bfs/test-graphs/medium_chain.edgelist 0 warp
linear-algebraic,bitmap,medium_chain.edgelist,0,6,1000,1998,2.0,18.731,0.00010666809033153596,1000,999,,,,/global/u1/a/aakaash/cs5220-final/parallel-bfs/build/bfs_linalg /global/u1/a/aakaash/cs5220-final/parallel-bfs/test-graphs/medium_chain.edgelist 0 bitmap
linear-algebraic,pushpull,medium_chain.edgelist,0,6,1000,1998,2.0,31.794,6.284204566899415e-05,1000,999,,,,/global/u1/a/aakaash/cs5220-final/parallel-bfs/build/bfs_linalg /global/u1/a/aakaash/cs5220-final/parallel-bfs/test-graphs/medium_chain.edgelist 0 pushpull
linear-algebraic,warpbitmap,medium_chain.edgelist,0,6,1000,1998,2.0,18.826,0.00010612982046106448,1000,999,,,,/global/u1/a/aakaash/cs5220-final/parallel-bfs/build/bfs_linalg /global/u1/a/aakaash/cs5220-final/parallel-bfs/test-graphs/medium_chain.edgelist 0 warpbitmap
graph-first,direction-optimizing,medium_chain.edgelist,0,6,1000,1998,2.0,31.787,6.285588448107717e-05,1000,999,999,1000,0,/global/u1/a/aakaash/cs5220-final/parallel-bfs/build/bfs_graphfirst /global/u1/a/aakaash/cs5220-final/parallel-bfs/test-graphs/medium_chain.edgelist 0
linear-algebraic,baseline,medium_chain.edgelist,0,7,1000,1998,2.0,22.746,8.783962015299395e-05,1000,999,,,,/global/u1/a/aakaash/cs5220-final/parallel-bfs/build/bfs_linalg /global/u1/a/aakaash/cs5220-final/parallel-bfs/test-graphs/medium_chain.edgelist 0 baseline
linear-algebraic,warp,medium_chain.edgelist,0,7,1000,1998,2.0,19.095,0.00010463472113118618,1000,999,,,,/global/u1/a/aakaash/cs5220-final/parallel-bfs/build/bfs_linalg /global/u1/a/aakaash/cs5220-final/parallel-bfs/test-graphs/medium_chain.edgelist 0 warp
linear-algebraic,bitmap,medium_chain.edgelist,0,7,1000,1998,2.0,18.688,0.00010691352739726029,1000,999,,,,/global/u1/a/aakaash/cs5220-final/parallel-bfs/build/bfs_linalg /global/u1/a/aakaash/cs5220-final/parallel-bfs/test-graphs/medium_chain.edgelist 0 bitmap
linear-algebraic,pushpull,medium_chain.edgelist,0,7,1000,1998,2.0,47.914,4.1699711983971287e-05,1000,999,,,,/global/u1/a/aakaash/cs5220-final/parallel-bfs/build/bfs_linalg /global/u1/a/aakaash/cs5220-final/parallel-bfs/test-graphs/medium_chain.edgelist 0 pushpull
linear-algebraic,warpbitmap,medium_chain.edgelist,0,7,1000,1998,2.0,23.434,8.526073226935222e-05,1000,999,,,,/global/u1/a/aakaash/cs5220-final/parallel-bfs/build/bfs_linalg /global/u1/a/aakaash/cs5220-final/parallel-bfs/test-graphs/medium_chain.edgelist 0 warpbitmap
graph-first,direction-optimizing,medium_chain.edgelist,0,7,1000,1998,2.0,33.476,5.968455012546302e-05,1000,999,999,1000,0,/global/u1/a/aakaash/cs5220-final/parallel-bfs/build/bfs_graphfirst /global/u1/a/aakaash/cs5220-final/parallel-bfs/test-graphs/medium_chain.edgelist 0
linear-algebraic,baseline,medium_chain.edgelist,0,8,1000,1998,2.0,22.011,9.077279542047159e-05,1000,999,,,,/global/u1/a/aakaash/cs5220-final/parallel-bfs/build/bfs_linalg /global/u1/a/aakaash/cs5220-final/parallel-bfs/test-graphs/medium_chain.edgelist 0 baseline
linear-algebraic,warp,medium_chain.edgelist,0,8,1000,1998,2.0,20.033,9.973543652972595e-05,1000,999,,,,/global/u1/a/aakaash/cs5220-final/parallel-bfs/build/bfs_linalg /global/u1/a/aakaash/cs5220-final/parallel-bfs/test-graphs/medium_chain.edgelist 0 warp
linear-algebraic,bitmap,medium_chain.edgelist,0,8,1000,1998,2.0,18.677,0.00010697649515446807,1000,999,,,,/global/u1/a/aakaash/cs5220-final/parallel-bfs/build/bfs_linalg /global/u1/a/aakaash/cs5220-final/parallel-bfs/test-graphs/medium_chain.edgelist 0 bitmap
linear-algebraic,pushpull,medium_chain.edgelist,0,8,1000,1998,2.0,31.979,6.247850151662029e-05,1000,999,,,,/global/u1/a/aakaash/cs5220-final/parallel-bfs/build/bfs_linalg /global/u1/a/aakaash/cs5220-final/parallel-bfs/test-graphs/medium_chain.edgelist 0 pushpull
linear-algebraic,warpbitmap,medium_chain.edgelist,0,8,1000,1998,2.0,18.994,0.00010519111298304728,1000,999,,,,/global/u1/a/aakaash/cs5220-final/parallel-bfs/build/bfs_linalg /global/u1/a/aakaash/cs5220-final/parallel-bfs/test-graphs/medium_chain.edgelist 0 warpbitmap
graph-first,direction-optimizing,medium_chain.edgelist,0,8,1000,1998,2.0,33.294,6.001081275905569e-05,1000,999,999,1000,0,/global/u1/a/aakaash/cs5220-final/parallel-bfs/build/bfs_graphfirst /global/u1/a/aakaash/cs5220-final/parallel-bfs/test-graphs/medium_chain.edgelist 0
linear-algebraic,baseline,medium_chain.edgelist,0,9,1000,1998,2.0,19.47,0.00010261941448382128,1000,999,,,,/global/u1/a/aakaash/cs5220-final/parallel-bfs/build/bfs_linalg /global/u1/a/aakaash/cs5220-final/parallel-bfs/test-graphs/medium_chain.edgelist 0 baseline
linear-algebraic,warp,medium_chain.edgelist,0,9,1000,1998,2.0,21.254,9.400583419591606e-05,1000,999,,,,/global/u1/a/aakaash/cs5220-final/parallel-bfs/build/bfs_linalg /global/u1/a/aakaash/cs5220-final/parallel-bfs/test-graphs/medium_chain.edgelist 0 warp
linear-algebraic,bitmap,medium_chain.edgelist,0,9,1000,1998,2.0,22.534,8.866601579834917e-05,1000,999,,,,/global/u1/a/aakaash/cs5220-final/parallel-bfs/build/bfs_linalg /global/u1/a/aakaash/cs5220-final/parallel-bfs/test-graphs/medium_chain.edgelist 0 bitmap
linear-algebraic,pushpull,medium_chain.edgelist,0,9,1000,1998,2.0,34.948,5.717065354240586e-05,1000,999,,,,/global/u1/a/aakaash/cs5220-final/parallel-bfs/build/bfs_linalg /global/u1/a/aakaash/cs5220-final/parallel-bfs/test-graphs/medium_chain.edgelist 0 pushpull
linear-algebraic,warpbitmap,medium_chain.edgelist,0,9,1000,1998,2.0,23.166,8.624708624708624e-05,1000,999,,,,/global/u1/a/aakaash/cs5220-final/parallel-bfs/build/bfs_linalg /global/u1/a/aakaash/cs5220-final/parallel-bfs/test-graphs/medium_chain.edgelist 0 warpbitmap
graph-first,direction-optimizing,medium_chain.edgelist,0,9,1000,1998,2.0,36.142,5.528194344529909e-05,1000,999,999,1000,0,/global/u1/a/aakaash/cs5220-final/parallel-bfs/build/bfs_graphfirst /global/u1/a/aakaash/cs5220-final/parallel-bfs/test-graphs/medium_chain.edgelist 0
linear-algebraic,baseline,medium_chain.edgelist,0,10,1000,1998,2.0,20.174,9.903836621393873e-05,1000,999,,,,/global/u1/a/aakaash/cs5220-final/parallel-bfs/build/bfs_linalg /global/u1/a/aakaash/cs5220-final/parallel-bfs/test-graphs/medium_chain.edgelist 0 baseline
linear-algebraic,warp,medium_chain.edgelist,0,10,1000,1998,2.0,19.093,0.00010464568166343686,1000,999,,,,/global/u1/a/aakaash/cs5220-final/parallel-bfs/build/bfs_linalg /global/u1/a/aakaash/cs5220-final/parallel-bfs/test-graphs/medium_chain.edgelist 0 warp
linear-algebraic,bitmap,medium_chain.edgelist,0,10,1000,1998,2.0,18.559,0.00010765666253569697,1000,999,,,,/global/u1/a/aakaash/cs5220-final/parallel-bfs/build/bfs_linalg /global/u1/a/aakaash/cs5220-final/parallel-bfs/test-graphs/medium_chain.edgelist 0 bitmap
linear-algebraic,pushpull,medium_chain.edgelist,0,10,1000,1998,2.0,32.714,6.107476921195819e-05,1000,999,,,,/global/u1/a/aakaash/cs5220-final/parallel-bfs/build/bfs_linalg /global/u1/a/aakaash/cs5220-final/parallel-bfs/test-graphs/medium_chain.edgelist 0 pushpull
linear-algebraic,warpbitmap,medium_chain.edgelist,0,10,1000,1998,2.0,18.836,0.00010607347632193673,1000,999,,,,/global/u1/a/aakaash/cs5220-final/parallel-bfs/build/bfs_linalg /global/u1/a/aakaash/cs5220-final/parallel-bfs/test-graphs/medium_chain.edgelist 0 warpbitmap
graph-first,direction-optimizing,medium_chain.edgelist,0,10,1000,1998,2.0,31.705,6.301845134836776e-05,1000,999,999,1000,0,/global/u1/a/aakaash/cs5220-final/parallel-bfs/build/bfs_graphfirst /global/u1/a/aakaash/cs5220-final/parallel-bfs/test-graphs/medium_chain.edgelist 0
linear-algebraic,baseline,medium_dense.edgelist,0,1,1000,100000,100.0,0.61,0.16393442622950818,1000,2,,,,/global/u1/a/aakaash/cs5220-final/parallel-bfs/build/bfs_linalg /global/u1/a/aakaash/cs5220-final/parallel-bfs/test-graphs/medium_dense.edgelist 0 baseline
linear-algebraic,warp,medium_dense.edgelist,0,1,1000,100000,100.0,0.568,0.17605633802816903,1000,2,,,,/global/u1/a/aakaash/cs5220-final/parallel-bfs/build/bfs_linalg /global/u1/a/aakaash/cs5220-final/parallel-bfs/test-graphs/medium_dense.edgelist 0 warp
linear-algebraic,bitmap,medium_dense.edgelist,0,1,1000,100000,100.0,0.593,0.16863406408094436,1000,2,,,,/global/u1/a/aakaash/cs5220-final/parallel-bfs/build/bfs_linalg /global/u1/a/aakaash/cs5220-final/parallel-bfs/test-graphs/medium_dense.edgelist 0 bitmap
linear-algebraic,pushpull,medium_dense.edgelist,0,1,1000,100000,100.0,0.851,0.11750881316098707,1000,2,,,,/global/u1/a/aakaash/cs5220-final/parallel-bfs/build/bfs_linalg /global/u1/a/aakaash/cs5220-final/parallel-bfs/test-graphs/medium_dense.edgelist 0 pushpull
linear-algebraic,warpbitmap,medium_dense.edgelist,0,1,1000,100000,100.0,0.553,0.18083182640144663,1000,2,,,,/global/u1/a/aakaash/cs5220-final/parallel-bfs/build/bfs_linalg /global/u1/a/aakaash/cs5220-final/parallel-bfs/test-graphs/medium_dense.edgelist 0 warpbitmap
graph-first,direction-optimizing,medium_dense.edgelist,0,1,1000,100000,100.0,0.698,0.14326647564469916,1000,2,2,1,2,/global/u1/a/aakaash/cs5220-final/parallel-bfs/build/bfs_graphfirst /global/u1/a/aakaash/cs5220-final/parallel-bfs/test-graphs/medium_dense.edgelist 0
linear-algebraic,baseline,medium_dense.edgelist,0,2,1000,100000,100.0,0.611,0.16366612111292964,1000,2,,,,/global/u1/a/aakaash/cs5220-final/parallel-bfs/build/bfs_linalg /global/u1/a/aakaash/cs5220-final/parallel-bfs/test-graphs/medium_dense.edgelist 0 baseline
linear-algebraic,warp,medium_dense.edgelist,0,2,1000,100000,100.0,0.564,0.1773049645390071,1000,2,,,,/global/u1/a/aakaash/cs5220-final/parallel-bfs/build/bfs_linalg /global/u1/a/aakaash/cs5220-final/parallel-bfs/test-graphs/medium_dense.edgelist 0 warp
linear-algebraic,bitmap,medium_dense.edgelist,0,2,1000,100000,100.0,0.603,0.16583747927031509,1000,2,,,,/global/u1/a/aakaash/cs5220-final/parallel-bfs/build/bfs_linalg /global/u1/a/aakaash/cs5220-final/parallel-bfs/test-graphs/medium_dense.edgelist 0 bitmap
linear-algebraic,pushpull,medium_dense.edgelist,0,2,1000,100000,100.0,0.655,0.15267175572519082,1000,2,,,,/global/u1/a/aakaash/cs5220-final/parallel-bfs/build/bfs_linalg /global/u1/a/aakaash/cs5220-final/parallel-bfs/test-graphs/medium_dense.edgelist 0 pushpull
linear-algebraic,warpbitmap,medium_dense.edgelist,0,2,1000,100000,100.0,0.552,0.18115942028985504,1000,2,,,,/global/u1/a/aakaash/cs5220-final/parallel-bfs/build/bfs_linalg /global/u1/a/aakaash/cs5220-final/parallel-bfs/test-graphs/medium_dense.edgelist 0 warpbitmap
graph-first,direction-optimizing,medium_dense.edgelist,0,2,1000,100000,100.0,0.694,0.1440922190201729,1000,2,2,1,2,/global/u1/a/aakaash/cs5220-final/parallel-bfs/build/bfs_graphfirst /global/u1/a/aakaash/cs5220-final/parallel-bfs/test-graphs/medium_dense.edgelist 0
linear-algebraic,baseline,medium_dense.edgelist,0,3,1000,100000,100.0,0.608,0.16447368421052633,1000,2,,,,/global/u1/a/aakaash/cs5220-final/parallel-bfs/build/bfs_linalg /global/u1/a/aakaash/cs5220-final/parallel-bfs/test-graphs/medium_dense.edgelist 0 baseline
linear-algebraic,warp,medium_dense.edgelist,0,3,1000,100000,100.0,0.558,0.17921146953405015,1000,2,,,,/global/u1/a/aakaash/cs5220-final/parallel-bfs/build/bfs_linalg /global/u1/a/aakaash/cs5220-final/parallel-bfs/test-graphs/medium_dense.edgelist 0 warp
linear-algebraic,bitmap,medium_dense.edgelist,0,3,1000,100000,100.0,0.595,0.16806722689075632,1000,2,,,,/global/u1/a/aakaash/cs5220-final/parallel-bfs/build/bfs_linalg /global/u1/a/aakaash/cs5220-final/parallel-bfs/test-graphs/medium_dense.edgelist 0 bitmap
linear-algebraic,pushpull,medium_dense.edgelist,0,3,1000,100000,100.0,0.659,0.15174506828528073,1000,2,,,,/global/u1/a/aakaash/cs5220-final/parallel-bfs/build/bfs_linalg /global/u1/a/aakaash/cs5220-final/parallel-bfs/test-graphs/medium_dense.edgelist 0 pushpull
linear-algebraic,warpbitmap,medium_dense.edgelist,0,3,1000,100000,100.0,0.556,0.17985611510791363,1000,2,,,,/global/u1/a/aakaash/cs5220-final/parallel-bfs/build/bfs_linalg /global/u1/a/aakaash/cs5220-final/parallel-bfs/test-graphs/medium_dense.edgelist 0 warpbitmap
graph-first,direction-optimizing,medium_dense.edgelist,0,3,1000,100000,100.0,0.686,0.1457725947521866,1000,2,2,1,2,/global/u1/a/aakaash/cs5220-final/parallel-bfs/build/bfs_graphfirst /global/u1/a/aakaash/cs5220-final/parallel-bfs/test-graphs/medium_dense.edgelist 0
linear-algebraic,baseline,medium_dense.edgelist,0,4,1000,100000,100.0,0.595,0.16806722689075632,1000,2,,,,/global/u1/a/aakaash/cs5220-final/parallel-bfs/build/bfs_linalg /global/u1/a/aakaash/cs5220-final/parallel-bfs/test-graphs/medium_dense.edgelist 0 baseline
linear-algebraic,warp,medium_dense.edgelist,0,4,1000,100000,100.0,4.762,0.020999580008399833,1000,2,,,,/global/u1/a/aakaash/cs5220-final/parallel-bfs/build/bfs_linalg /global/u1/a/aakaash/cs5220-final/parallel-bfs/test-graphs/medium_dense.edgelist 0 warp
linear-algebraic,bitmap,medium_dense.edgelist,0,4,1000,100000,100.0,4.794,0.020859407592824366,1000,2,,,,/global/u1/a/aakaash/cs5220-final/parallel-bfs/build/bfs_linalg /global/u1/a/aakaash/cs5220-final/parallel-bfs/test-graphs/medium_dense.edgelist 0 bitmap
linear-algebraic,pushpull,medium_dense.edgelist,0,4,1000,100000,100.0,2.154,0.04642525533890437,1000,2,,,,/global/u1/a/aakaash/cs5220-final/parallel-bfs/build/bfs_linalg /global/u1/a/aakaash/cs5220-final/parallel-bfs/test-graphs/medium_dense.edgelist 0 pushpull
linear-algebraic,warpbitmap,medium_dense.edgelist,0,4,1000,100000,100.0,1.482,0.06747638326585695,1000,2,,,,/global/u1/a/aakaash/cs5220-final/parallel-bfs/build/bfs_linalg /global/u1/a/aakaash/cs5220-final/parallel-bfs/test-graphs/medium_dense.edgelist 0 warpbitmap
graph-first,direction-optimizing,medium_dense.edgelist,0,4,1000,100000,100.0,2.341,0.04271678769756514,1000,2,2,1,2,/global/u1/a/aakaash/cs5220-final/parallel-bfs/build/bfs_graphfirst /global/u1/a/aakaash/cs5220-final/parallel-bfs/test-graphs/medium_dense.edgelist 0
linear-algebraic,baseline,medium_dense.edgelist,0,5,1000,100000,100.0,3.437,0.029095141111434394,1000,2,,,,/global/u1/a/aakaash/cs5220-final/parallel-bfs/build/bfs_linalg /global/u1/a/aakaash/cs5220-final/parallel-bfs/test-graphs/medium_dense.edgelist 0 baseline
linear-algebraic,warp,medium_dense.edgelist,0,5,1000,100000,100.0,4.739,0.02110149820637265,1000,2,,,,/global/u1/a/aakaash/cs5220-final/parallel-bfs/build/bfs_linalg /global/u1/a/aakaash/cs5220-final/parallel-bfs/test-graphs/medium_dense.edgelist 0 warp
linear-algebraic,bitmap,medium_dense.edgelist,0,5,1000,100000,100.0,0.589,0.16977928692699493,1000,2,,,,/global/u1/a/aakaash/cs5220-final/parallel-bfs/build/bfs_linalg /global/u1/a/aakaash/cs5220-final/parallel-bfs/test-graphs/medium_dense.edgelist 0 bitmap
linear-algebraic,pushpull,medium_dense.edgelist,0,5,1000,100000,100.0,1.489,0.0671591672263264,1000,2,,,,/global/u1/a/aakaash/cs5220-final/parallel-bfs/build/bfs_linalg /global/u1/a/aakaash/cs5220-final/parallel-bfs/test-graphs/medium_dense.edgelist 0 pushpull
linear-algebraic,warpbitmap,medium_dense.edgelist,0,5,1000,100000,100.0,0.572,0.17482517482517484,1000,2,,,,/global/u1/a/aakaash/cs5220-final/parallel-bfs/build/bfs_linalg /global/u1/a/aakaash/cs5220-final/parallel-bfs/test-graphs/medium_dense.edgelist 0 warpbitmap
graph-first,direction-optimizing,medium_dense.edgelist,0,5,1000,100000,100.0,0.724,0.13812154696132597,1000,2,2,1,2,/global/u1/a/aakaash/cs5220-final/parallel-bfs/build/bfs_graphfirst /global/u1/a/aakaash/cs5220-final/parallel-bfs/test-graphs/medium_dense.edgelist 0
linear-algebraic,baseline,medium_dense.edgelist,0,6,1000,100000,100.0,4.712,0.021222410865874366,1000,2,,,,/global/u1/a/aakaash/cs5220-final/parallel-bfs/build/bfs_linalg /global/u1/a/aakaash/cs5220-final/parallel-bfs/test-graphs/medium_dense.edgelist 0 baseline
linear-algebraic,warp,medium_dense.edgelist,0,6,1000,100000,100.0,15.763,0.006343970056461333,1000,2,,,,/global/u1/a/aakaash/cs5220-final/parallel-bfs/build/bfs_linalg /global/u1/a/aakaash/cs5220-final/parallel-bfs/test-graphs/medium_dense.edgelist 0 warp
linear-algebraic,bitmap,medium_dense.edgelist,0,6,1000,100000,100.0,4.857,0.020588840848260244,1000,2,,,,/global/u1/a/aakaash/cs5220-final/parallel-bfs/build/bfs_linalg /global/u1/a/aakaash/cs5220-final/parallel-bfs/test-graphs/medium_dense.edgelist 0 bitmap
linear-algebraic,pushpull,medium_dense.edgelist,0,6,1000,100000,100.0,3.013,0.03318951211417192,1000,2,,,,/global/u1/a/aakaash/cs5220-final/parallel-bfs/build/bfs_linalg /global/u1/a/aakaash/cs5220-final/parallel-bfs/test-graphs/medium_dense.edgelist 0 pushpull
linear-algebraic,warpbitmap,medium_dense.edgelist,0,6,1000,100000,100.0,4.573,0.021867483052700632,1000,2,,,,/global/u1/a/aakaash/cs5220-final/parallel-bfs/build/bfs_linalg /global/u1/a/aakaash/cs5220-final/parallel-bfs/test-graphs/medium_dense.edgelist 0 warpbitmap
graph-first,direction-optimizing,medium_dense.edgelist,0,6,1000,100000,100.0,2.233,0.044782803403493054,1000,2,2,1,2,/global/u1/a/aakaash/cs5220-final/parallel-bfs/build/bfs_graphfirst /global/u1/a/aakaash/cs5220-final/parallel-bfs/test-graphs/medium_dense.edgelist 0
linear-algebraic,baseline,medium_dense.edgelist,0,7,1000,100000,100.0,2.3,0.04347826086956522,1000,2,,,,/global/u1/a/aakaash/cs5220-final/parallel-bfs/build/bfs_linalg /global/u1/a/aakaash/cs5220-final/parallel-bfs/test-graphs/medium_dense.edgelist 0 baseline
linear-algebraic,warp,medium_dense.edgelist,0,7,1000,100000,100.0,2.158,0.046339202965708995,1000,2,,,,/global/u1/a/aakaash/cs5220-final/parallel-bfs/build/bfs_linalg /global/u1/a/aakaash/cs5220-final/parallel-bfs/test-graphs/medium_dense.edgelist 0 warp
linear-algebraic,bitmap,medium_dense.edgelist,0,7,1000,100000,100.0,2.242,0.04460303300624443,1000,2,,,,/global/u1/a/aakaash/cs5220-final/parallel-bfs/build/bfs_linalg /global/u1/a/aakaash/cs5220-final/parallel-bfs/test-graphs/medium_dense.edgelist 0 bitmap
linear-algebraic,pushpull,medium_dense.edgelist,0,7,1000,100000,100.0,0.644,0.15527950310559005,1000,2,,,,/global/u1/a/aakaash/cs5220-final/parallel-bfs/build/bfs_linalg /global/u1/a/aakaash/cs5220-final/parallel-bfs/test-graphs/medium_dense.edgelist 0 pushpull
linear-algebraic,warpbitmap,medium_dense.edgelist,0,7,1000,100000,100.0,0.562,0.1779359430604982,1000,2,,,,/global/u1/a/aakaash/cs5220-final/parallel-bfs/build/bfs_linalg /global/u1/a/aakaash/cs5220-final/parallel-bfs/test-graphs/medium_dense.edgelist 0 warpbitmap
graph-first,direction-optimizing,medium_dense.edgelist,0,7,1000,100000,100.0,0.686,0.1457725947521866,1000,2,2,1,2,/global/u1/a/aakaash/cs5220-final/parallel-bfs/build/bfs_graphfirst /global/u1/a/aakaash/cs5220-final/parallel-bfs/test-graphs/medium_dense.edgelist 0
linear-algebraic,baseline,medium_dense.edgelist,0,8,1000,100000,100.0,0.594,0.16835016835016836,1000,2,,,,/global/u1/a/aakaash/cs5220-final/parallel-bfs/build/bfs_linalg /global/u1/a/aakaash/cs5220-final/parallel-bfs/test-graphs/medium_dense.edgelist 0 baseline
linear-algebraic,warp,medium_dense.edgelist,0,8,1000,100000,100.0,0.561,0.17825311942959002,1000,2,,,,/global/u1/a/aakaash/cs5220-final/parallel-bfs/build/bfs_linalg /global/u1/a/aakaash/cs5220-final/parallel-bfs/test-graphs/medium_dense.edgelist 0 warp
linear-algebraic,bitmap,medium_dense.edgelist,0,8,1000,100000,100.0,0.611,0.16366612111292964,1000,2,,,,/global/u1/a/aakaash/cs5220-final/parallel-bfs/build/bfs_linalg /global/u1/a/aakaash/cs5220-final/parallel-bfs/test-graphs/medium_dense.edgelist 0 bitmap
linear-algebraic,pushpull,medium_dense.edgelist,0,8,1000,100000,100.0,0.656,0.1524390243902439,1000,2,,,,/global/u1/a/aakaash/cs5220-final/parallel-bfs/build/bfs_linalg /global/u1/a/aakaash/cs5220-final/parallel-bfs/test-graphs/medium_dense.edgelist 0 pushpull
linear-algebraic,warpbitmap,medium_dense.edgelist,0,8,1000,100000,100.0,0.555,0.18018018018018017,1000,2,,,,/global/u1/a/aakaash/cs5220-final/parallel-bfs/build/bfs_linalg /global/u1/a/aakaash/cs5220-final/parallel-bfs/test-graphs/medium_dense.edgelist 0 warpbitmap
graph-first,direction-optimizing,medium_dense.edgelist,0,8,1000,100000,100.0,0.694,0.1440922190201729,1000,2,2,1,2,/global/u1/a/aakaash/cs5220-final/parallel-bfs/build/bfs_graphfirst /global/u1/a/aakaash/cs5220-final/parallel-bfs/test-graphs/medium_dense.edgelist 0
linear-algebraic,baseline,medium_dense.edgelist,0,9,1000,100000,100.0,0.605,0.1652892561983471,1000,2,,,,/global/u1/a/aakaash/cs5220-final/parallel-bfs/build/bfs_linalg /global/u1/a/aakaash/cs5220-final/parallel-bfs/test-graphs/medium_dense.edgelist 0 baseline
linear-algebraic,warp,medium_dense.edgelist,0,9,1000,100000,100.0,2.627,0.03806623524933385,1000,2,,,,/global/u1/a/aakaash/cs5220-final/parallel-bfs/build/bfs_linalg /global/u1/a/aakaash/cs5220-final/parallel-bfs/test-graphs/medium_dense.edgelist 0 warp
linear-algebraic,bitmap,medium_dense.edgelist,0,9,1000,100000,100.0,0.595,0.16806722689075632,1000,2,,,,/global/u1/a/aakaash/cs5220-final/parallel-bfs/build/bfs_linalg /global/u1/a/aakaash/cs5220-final/parallel-bfs/test-graphs/medium_dense.edgelist 0 bitmap
linear-algebraic,pushpull,medium_dense.edgelist,0,9,1000,100000,100.0,0.656,0.1524390243902439,1000,2,,,,/global/u1/a/aakaash/cs5220-final/parallel-bfs/build/bfs_linalg /global/u1/a/aakaash/cs5220-final/parallel-bfs/test-graphs/medium_dense.edgelist 0 pushpull
linear-algebraic,warpbitmap,medium_dense.edgelist,0,9,1000,100000,100.0,0.553,0.18083182640144663,1000,2,,,,/global/u1/a/aakaash/cs5220-final/parallel-bfs/build/bfs_linalg /global/u1/a/aakaash/cs5220-final/parallel-bfs/test-graphs/medium_dense.edgelist 0 warpbitmap
graph-first,direction-optimizing,medium_dense.edgelist,0,9,1000,100000,100.0,0.704,0.14204545454545456,1000,2,2,1,2,/global/u1/a/aakaash/cs5220-final/parallel-bfs/build/bfs_graphfirst /global/u1/a/aakaash/cs5220-final/parallel-bfs/test-graphs/medium_dense.edgelist 0
linear-algebraic,baseline,medium_dense.edgelist,0,10,1000,100000,100.0,2.174,0.045998160073597055,1000,2,,,,/global/u1/a/aakaash/cs5220-final/parallel-bfs/build/bfs_linalg /global/u1/a/aakaash/cs5220-final/parallel-bfs/test-graphs/medium_dense.edgelist 0 baseline
linear-algebraic,warp,medium_dense.edgelist,0,10,1000,100000,100.0,11.784,0.008486082824168363,1000,2,,,,/global/u1/a/aakaash/cs5220-final/parallel-bfs/build/bfs_linalg /global/u1/a/aakaash/cs5220-final/parallel-bfs/test-graphs/medium_dense.edgelist 0 warp
linear-algebraic,bitmap,medium_dense.edgelist,0,10,1000,100000,100.0,0.604,0.16556291390728475,1000,2,,,,/global/u1/a/aakaash/cs5220-final/parallel-bfs/build/bfs_linalg /global/u1/a/aakaash/cs5220-final/parallel-bfs/test-graphs/medium_dense.edgelist 0 bitmap
linear-algebraic,pushpull,medium_dense.edgelist,0,10,1000,100000,100.0,0.674,0.14836795252225518,1000,2,,,,/global/u1/a/aakaash/cs5220-final/parallel-bfs/build/bfs_linalg /global/u1/a/aakaash/cs5220-final/parallel-bfs/test-graphs/medium_dense.edgelist 0 pushpull
linear-algebraic,warpbitmap,medium_dense.edgelist,0,10,1000,100000,100.0,0.558,0.17921146953405015,1000,2,,,,/global/u1/a/aakaash/cs5220-final/parallel-bfs/build/bfs_linalg /global/u1/a/aakaash/cs5220-final/parallel-bfs/test-graphs/medium_dense.edgelist 0 warpbitmap
graph-first,direction-optimizing,medium_dense.edgelist,0,10,1000,100000,100.0,0.696,0.14367816091954025,1000,2,2,1,2,/global/u1/a/aakaash/cs5220-final/parallel-bfs/build/bfs_graphfirst /global/u1/a/aakaash/cs5220-final/parallel-bfs/test-graphs/medium_dense.edgelist 0
linear-algebraic,baseline,medium_sparse.edgelist,0,1,1000,6000,6.0,0.687,0.00873362445414847,998,6,,,,/global/u1/a/aakaash/cs5220-final/parallel-bfs/build/bfs_linalg /global/u1/a/aakaash/cs5220-final/parallel-bfs/test-graphs/medium_sparse.edgelist 0 baseline
linear-algebraic,warp,medium_sparse.edgelist,0,1,1000,6000,6.0,0.683,0.008784773060029281,998,6,,,,/global/u1/a/aakaash/cs5220-final/parallel-bfs/build/bfs_linalg /global/u1/a/aakaash/cs5220-final/parallel-bfs/test-graphs/medium_sparse.edgelist 0 warp
linear-algebraic,bitmap,medium_sparse.edgelist,0,1,1000,6000,6.0,0.687,0.00873362445414847,998,6,,,,/global/u1/a/aakaash/cs5220-final/parallel-bfs/build/bfs_linalg /global/u1/a/aakaash/cs5220-final/parallel-bfs/test-graphs/medium_sparse.edgelist 0 bitmap
linear-algebraic,pushpull,medium_sparse.edgelist,0,1,1000,6000,6.0,0.802,0.007481296758104738,998,6,,,,/global/u1/a/aakaash/cs5220-final/parallel-bfs/build/bfs_linalg /global/u1/a/aakaash/cs5220-final/parallel-bfs/test-graphs/medium_sparse.edgelist 0 pushpull
linear-algebraic,warpbitmap,medium_sparse.edgelist,0,1,1000,6000,6.0,0.67,0.008955223880597014,998,6,,,,/global/u1/a/aakaash/cs5220-final/parallel-bfs/build/bfs_linalg /global/u1/a/aakaash/cs5220-final/parallel-bfs/test-graphs/medium_sparse.edgelist 0 warpbitmap
graph-first,direction-optimizing,medium_sparse.edgelist,0,1,1000,6000,6.0,2.252,0.0026642984014209597,998,6,6,4,3,/global/u1/a/aakaash/cs5220-final/parallel-bfs/build/bfs_graphfirst /global/u1/a/aakaash/cs5220-final/parallel-bfs/test-graphs/medium_sparse.edgelist 0
linear-algebraic,baseline,medium_sparse.edgelist,0,2,1000,6000,6.0,0.669,0.008968609865470852,998,6,,,,/global/u1/a/aakaash/cs5220-final/parallel-bfs/build/bfs_linalg /global/u1/a/aakaash/cs5220-final/parallel-bfs/test-graphs/medium_sparse.edgelist 0 baseline
linear-algebraic,warp,medium_sparse.edgelist,0,2,1000,6000,6.0,0.666,0.009009009009009009,998,6,,,,/global/u1/a/aakaash/cs5220-final/parallel-bfs/build/bfs_linalg /global/u1/a/aakaash/cs5220-final/parallel-bfs/test-graphs/medium_sparse.edgelist 0 warp
linear-algebraic,bitmap,medium_sparse.edgelist,0,2,1000,6000,6.0,0.678,0.008849557522123892,998,6,,,,/global/u1/a/aakaash/cs5220-final/parallel-bfs/build/bfs_linalg /global/u1/a/aakaash/cs5220-final/parallel-bfs/test-graphs/medium_sparse.edgelist 0 bitmap
linear-algebraic,pushpull,medium_sparse.edgelist,0,2,1000,6000,6.0,0.812,0.007389162561576354,998,6,,,,/global/u1/a/aakaash/cs5220-final/parallel-bfs/build/bfs_linalg /global/u1/a/aakaash/cs5220-final/parallel-bfs/test-graphs/medium_sparse.edgelist 0 pushpull
linear-algebraic,warpbitmap,medium_sparse.edgelist,0,2,1000,6000,6.0,0.688,0.008720930232558141,998,6,,,,/global/u1/a/aakaash/cs5220-final/parallel-bfs/build/bfs_linalg /global/u1/a/aakaash/cs5220-final/parallel-bfs/test-graphs/medium_sparse.edgelist 0 warpbitmap
graph-first,direction-optimizing,medium_sparse.edgelist,0,2,1000,6000,6.0,0.74,0.008108108108108109,998,6,6,4,3,/global/u1/a/aakaash/cs5220-final/parallel-bfs/build/bfs_graphfirst /global/u1/a/aakaash/cs5220-final/parallel-bfs/test-graphs/medium_sparse.edgelist 0
linear-algebraic,baseline,medium_sparse.edgelist,0,3,1000,6000,6.0,0.693,0.00865800865800866,998,6,,,,/global/u1/a/aakaash/cs5220-final/parallel-bfs/build/bfs_linalg /global/u1/a/aakaash/cs5220-final/parallel-bfs/test-graphs/medium_sparse.edgelist 0 baseline
linear-algebraic,warp,medium_sparse.edgelist,0,3,1000,6000,6.0,0.661,0.00907715582450832,998,6,,,,/global/u1/a/aakaash/cs5220-final/parallel-bfs/build/bfs_linalg /global/u1/a/aakaash/cs5220-final/parallel-bfs/test-graphs/medium_sparse.edgelist 0 warp
linear-algebraic,bitmap,medium_sparse.edgelist,0,3,1000,6000,6.0,0.679,0.008836524300441826,998,6,,,,/global/u1/a/aakaash/cs5220-final/parallel-bfs/build/bfs_linalg /global/u1/a/aakaash/cs5220-final/parallel-bfs/test-graphs/medium_sparse.edgelist 0 bitmap
linear-algebraic,pushpull,medium_sparse.edgelist,0,3,1000,6000,6.0,0.797,0.0075282308657465494,998,6,,,,/global/u1/a/aakaash/cs5220-final/parallel-bfs/build/bfs_linalg /global/u1/a/aakaash/cs5220-final/parallel-bfs/test-graphs/medium_sparse.edgelist 0 pushpull
linear-algebraic,warpbitmap,medium_sparse.edgelist,0,3,1000,6000,6.0,0.673,0.008915304606240713,998,6,,,,/global/u1/a/aakaash/cs5220-final/parallel-bfs/build/bfs_linalg /global/u1/a/aakaash/cs5220-final/parallel-bfs/test-graphs/medium_sparse.edgelist 0 warpbitmap
graph-first,direction-optimizing,medium_sparse.edgelist,0,3,1000,6000,6.0,0.762,0.007874015748031496,998,6,6,4,3,/global/u1/a/aakaash/cs5220-final/parallel-bfs/build/bfs_graphfirst /global/u1/a/aakaash/cs5220-final/parallel-bfs/test-graphs/medium_sparse.edgelist 0
linear-algebraic,baseline,medium_sparse.edgelist,0,4,1000,6000,6.0,0.694,0.008645533141210375,998,6,,,,/global/u1/a/aakaash/cs5220-final/parallel-bfs/build/bfs_linalg /global/u1/a/aakaash/cs5220-final/parallel-bfs/test-graphs/medium_sparse.edgelist 0 baseline
linear-algebraic,warp,medium_sparse.edgelist,0,4,1000,6000,6.0,0.657,0.0091324200913242,998,6,,,,/global/u1/a/aakaash/cs5220-final/parallel-bfs/build/bfs_linalg /global/u1/a/aakaash/cs5220-final/parallel-bfs/test-graphs/medium_sparse.edgelist 0 warp
linear-algebraic,bitmap,medium_sparse.edgelist,0,4,1000,6000,6.0,0.661,0.00907715582450832,998,6,,,,/global/u1/a/aakaash/cs5220-final/parallel-bfs/build/bfs_linalg /global/u1/a/aakaash/cs5220-final/parallel-bfs/test-graphs/medium_sparse.edgelist 0 bitmap
linear-algebraic,pushpull,medium_sparse.edgelist,0,4,1000,6000,6.0,0.796,0.007537688442211055,998,6,,,,/global/u1/a/aakaash/cs5220-final/parallel-bfs/build/bfs_linalg /global/u1/a/aakaash/cs5220-final/parallel-bfs/test-graphs/medium_sparse.edgelist 0 pushpull
linear-algebraic,warpbitmap,medium_sparse.edgelist,0,4,1000,6000,6.0,2.514,0.002386634844868735,998,6,,,,/global/u1/a/aakaash/cs5220-final/parallel-bfs/build/bfs_linalg /global/u1/a/aakaash/cs5220-final/parallel-bfs/test-graphs/medium_sparse.edgelist 0 warpbitmap
graph-first,direction-optimizing,medium_sparse.edgelist,0,4,1000,6000,6.0,0.747,0.008032128514056224,998,6,6,4,3,/global/u1/a/aakaash/cs5220-final/parallel-bfs/build/bfs_graphfirst /global/u1/a/aakaash/cs5220-final/parallel-bfs/test-graphs/medium_sparse.edgelist 0
linear-algebraic,baseline,medium_sparse.edgelist,0,5,1000,6000,6.0,0.682,0.00879765395894428,998,6,,,,/global/u1/a/aakaash/cs5220-final/parallel-bfs/build/bfs_linalg /global/u1/a/aakaash/cs5220-final/parallel-bfs/test-graphs/medium_sparse.edgelist 0 baseline
linear-algebraic,warp,medium_sparse.edgelist,0,5,1000,6000,6.0,0.659,0.009104704097116842,998,6,,,,/global/u1/a/aakaash/cs5220-final/parallel-bfs/build/bfs_linalg /global/u1/a/aakaash/cs5220-final/parallel-bfs/test-graphs/medium_sparse.edgelist 0 warp
linear-algebraic,bitmap,medium_sparse.edgelist,0,5,1000,6000,6.0,0.682,0.00879765395894428,998,6,,,,/global/u1/a/aakaash/cs5220-final/parallel-bfs/build/bfs_linalg /global/u1/a/aakaash/cs5220-final/parallel-bfs/test-graphs/medium_sparse.edgelist 0 bitmap
linear-algebraic,pushpull,medium_sparse.edgelist,0,5,1000,6000,6.0,0.748,0.00802139037433155,998,6,,,,/global/u1/a/aakaash/cs5220-final/parallel-bfs/build/bfs_linalg /global/u1/a/aakaash/cs5220-final/parallel-bfs/test-graphs/medium_sparse.edgelist 0 pushpull
linear-algebraic,warpbitmap,medium_sparse.edgelist,0,5,1000,6000,6.0,0.668,0.008982035928143712,998,6,,,,/global/u1/a/aakaash/cs5220-final/parallel-bfs/build/bfs_linalg /global/u1/a/aakaash/cs5220-final/parallel-bfs/test-graphs/medium_sparse.edgelist 0 warpbitmap
graph-first,direction-optimizing,medium_sparse.edgelist,0,5,1000,6000,6.0,0.747,0.008032128514056224,998,6,6,4,3,/global/u1/a/aakaash/cs5220-final/parallel-bfs/build/bfs_graphfirst /global/u1/a/aakaash/cs5220-final/parallel-bfs/test-graphs/medium_sparse.edgelist 0
linear-algebraic,baseline,medium_sparse.edgelist,0,6,1000,6000,6.0,0.686,0.008746355685131196,998,6,,,,/global/u1/a/aakaash/cs5220-final/parallel-bfs/build/bfs_linalg /global/u1/a/aakaash/cs5220-final/parallel-bfs/test-graphs/medium_sparse.edgelist 0 baseline
linear-algebraic,warp,medium_sparse.edgelist,0,6,1000,6000,6.0,0.676,0.008875739644970414,998,6,,,,/global/u1/a/aakaash/cs5220-final/parallel-bfs/build/bfs_linalg /global/u1/a/aakaash/cs5220-final/parallel-bfs/test-graphs/medium_sparse.edgelist 0 warp
linear-algebraic,bitmap,medium_sparse.edgelist,0,6,1000,6000,6.0,0.675,0.008888888888888889,998,6,,,,/global/u1/a/aakaash/cs5220-final/parallel-bfs/build/bfs_linalg /global/u1/a/aakaash/cs5220-final/parallel-bfs/test-graphs/medium_sparse.edgelist 0 bitmap
linear-algebraic,pushpull,medium_sparse.edgelist,0,6,1000,6000,6.0,0.789,0.0076045627376425855,998,6,,,,/global/u1/a/aakaash/cs5220-final/parallel-bfs/build/bfs_linalg /global/u1/a/aakaash/cs5220-final/parallel-bfs/test-graphs/medium_sparse.edgelist 0 pushpull
linear-algebraic,warpbitmap,medium_sparse.edgelist,0,6,1000,6000,6.0,0.664,0.009036144578313253,998,6,,,,/global/u1/a/aakaash/cs5220-final/parallel-bfs/build/bfs_linalg /global/u1/a/aakaash/cs5220-final/parallel-bfs/test-graphs/medium_sparse.edgelist 0 warpbitmap
graph-first,direction-optimizing,medium_sparse.edgelist,0,6,1000,6000,6.0,0.753,0.00796812749003984,998,6,6,4,3,/global/u1/a/aakaash/cs5220-final/parallel-bfs/build/bfs_graphfirst /global/u1/a/aakaash/cs5220-final/parallel-bfs/test-graphs/medium_sparse.edgelist 0
linear-algebraic,baseline,medium_sparse.edgelist,0,7,1000,6000,6.0,0.664,0.009036144578313253,998,6,,,,/global/u1/a/aakaash/cs5220-final/parallel-bfs/build/bfs_linalg /global/u1/a/aakaash/cs5220-final/parallel-bfs/test-graphs/medium_sparse.edgelist 0 baseline
linear-algebraic,warp,medium_sparse.edgelist,0,7,1000,6000,6.0,0.688,0.008720930232558141,998,6,,,,/global/u1/a/aakaash/cs5220-final/parallel-bfs/build/bfs_linalg /global/u1/a/aakaash/cs5220-final/parallel-bfs/test-graphs/medium_sparse.edgelist 0 warp
linear-algebraic,bitmap,medium_sparse.edgelist,0,7,1000,6000,6.0,0.674,0.00890207715133531,998,6,,,,/global/u1/a/aakaash/cs5220-final/parallel-bfs/build/bfs_linalg /global/u1/a/aakaash/cs5220-final/parallel-bfs/test-graphs/medium_sparse.edgelist 0 bitmap
linear-algebraic,pushpull,medium_sparse.edgelist,0,7,1000,6000,6.0,0.801,0.00749063670411985,998,6,,,,/global/u1/a/aakaash/cs5220-final/parallel-bfs/build/bfs_linalg /global/u1/a/aakaash/cs5220-final/parallel-bfs/test-graphs/medium_sparse.edgelist 0 pushpull
linear-algebraic,warpbitmap,medium_sparse.edgelist,0,7,1000,6000,6.0,0.668,0.008982035928143712,998,6,,,,/global/u1/a/aakaash/cs5220-final/parallel-bfs/build/bfs_linalg /global/u1/a/aakaash/cs5220-final/parallel-bfs/test-graphs/medium_sparse.edgelist 0 warpbitmap
graph-first,direction-optimizing,medium_sparse.edgelist,0,7,1000,6000,6.0,5.237,0.0011456940996753867,998,6,6,4,3,/global/u1/a/aakaash/cs5220-final/parallel-bfs/build/bfs_graphfirst /global/u1/a/aakaash/cs5220-final/parallel-bfs/test-graphs/medium_sparse.edgelist 0
linear-algebraic,baseline,medium_sparse.edgelist,0,8,1000,6000,6.0,3.61,0.0016620498614958448,998,6,,,,/global/u1/a/aakaash/cs5220-final/parallel-bfs/build/bfs_linalg /global/u1/a/aakaash/cs5220-final/parallel-bfs/test-graphs/medium_sparse.edgelist 0 baseline
linear-algebraic,warp,medium_sparse.edgelist,0,8,1000,6000,6.0,0.665,0.009022556390977442,998,6,,,,/global/u1/a/aakaash/cs5220-final/parallel-bfs/build/bfs_linalg /global/u1/a/aakaash/cs5220-final/parallel-bfs/test-graphs/medium_sparse.edgelist 0 warp
linear-algebraic,bitmap,medium_sparse.edgelist,0,8,1000,6000,6.0,0.664,0.009036144578313253,998,6,,,,/global/u1/a/aakaash/cs5220-final/parallel-bfs/build/bfs_linalg /global/u1/a/aakaash/cs5220-final/parallel-bfs/test-graphs/medium_sparse.edgelist 0 bitmap
linear-algebraic,pushpull,medium_sparse.edgelist,0,8,1000,6000,6.0,5.315,0.0011288805268109125,998,6,,,,/global/u1/a/aakaash/cs5220-final/parallel-bfs/build/bfs_linalg /global/u1/a/aakaash/cs5220-final/parallel-bfs/test-graphs/medium_sparse.edgelist 0 pushpull
linear-algebraic,warpbitmap,medium_sparse.edgelist,0,8,1000,6000,6.0,2.21,0.002714932126696833,998,6,,,,/global/u1/a/aakaash/cs5220-final/parallel-bfs/build/bfs_linalg /global/u1/a/aakaash/cs5220-final/parallel-bfs/test-graphs/medium_sparse.edgelist 0 warpbitmap
graph-first,direction-optimizing,medium_sparse.edgelist,0,8,1000,6000,6.0,0.754,0.007957559681697613,998,6,6,4,3,/global/u1/a/aakaash/cs5220-final/parallel-bfs/build/bfs_graphfirst /global/u1/a/aakaash/cs5220-final/parallel-bfs/test-graphs/medium_sparse.edgelist 0
linear-algebraic,baseline,medium_sparse.edgelist,0,9,1000,6000,6.0,0.675,0.008888888888888889,998,6,,,,/global/u1/a/aakaash/cs5220-final/parallel-bfs/build/bfs_linalg /global/u1/a/aakaash/cs5220-final/parallel-bfs/test-graphs/medium_sparse.edgelist 0 baseline
linear-algebraic,warp,medium_sparse.edgelist,0,9,1000,6000,6.0,0.657,0.0091324200913242,998,6,,,,/global/u1/a/aakaash/cs5220-final/parallel-bfs/build/bfs_linalg /global/u1/a/aakaash/cs5220-final/parallel-bfs/test-graphs/medium_sparse.edgelist 0 warp
linear-algebraic,bitmap,medium_sparse.edgelist,0,9,1000,6000,6.0,0.683,0.008784773060029281,998,6,,,,/global/u1/a/aakaash/cs5220-final/parallel-bfs/build/bfs_linalg /global/u1/a/aakaash/cs5220-final/parallel-bfs/test-graphs/medium_sparse.edgelist 0 bitmap
linear-algebraic,pushpull,medium_sparse.edgelist,0,9,1000,6000,6.0,0.797,0.0075282308657465494,998,6,,,,/global/u1/a/aakaash/cs5220-final/parallel-bfs/build/bfs_linalg /global/u1/a/aakaash/cs5220-final/parallel-bfs/test-graphs/medium_sparse.edgelist 0 pushpull
linear-algebraic,warpbitmap,medium_sparse.edgelist,0,9,1000,6000,6.0,0.666,0.009009009009009009,998,6,,,,/global/u1/a/aakaash/cs5220-final/parallel-bfs/build/bfs_linalg /global/u1/a/aakaash/cs5220-final/parallel-bfs/test-graphs/medium_sparse.edgelist 0 warpbitmap
graph-first,direction-optimizing,medium_sparse.edgelist,0,9,1000,6000,6.0,0.762,0.007874015748031496,998,6,6,4,3,/global/u1/a/aakaash/cs5220-final/parallel-bfs/build/bfs_graphfirst /global/u1/a/aakaash/cs5220-final/parallel-bfs/test-graphs/medium_sparse.edgelist 0
linear-algebraic,baseline,medium_sparse.edgelist,0,10,1000,6000,6.0,5.487,0.0010934937124111536,998,6,,,,/global/u1/a/aakaash/cs5220-final/parallel-bfs/build/bfs_linalg /global/u1/a/aakaash/cs5220-final/parallel-bfs/test-graphs/medium_sparse.edgelist 0 baseline
linear-algebraic,warp,medium_sparse.edgelist,0,10,1000,6000,6.0,0.668,0.008982035928143712,998,6,,,,/global/u1/a/aakaash/cs5220-final/parallel-bfs/build/bfs_linalg /global/u1/a/aakaash/cs5220-final/parallel-bfs/test-graphs/medium_sparse.edgelist 0 warp
linear-algebraic,bitmap,medium_sparse.edgelist,0,10,1000,6000,6.0,0.67,0.008955223880597014,998,6,,,,/global/u1/a/aakaash/cs5220-final/parallel-bfs/build/bfs_linalg /global/u1/a/aakaash/cs5220-final/parallel-bfs/test-graphs/medium_sparse.edgelist 0 bitmap
linear-algebraic,pushpull,medium_sparse.edgelist,0,10,1000,6000,6.0,0.809,0.007416563658838071,998,6,,,,/global/u1/a/aakaash/cs5220-final/parallel-bfs/build/bfs_linalg /global/u1/a/aakaash/cs5220-final/parallel-bfs/test-graphs/medium_sparse.edgelist 0 pushpull
linear-algebraic,warpbitmap,medium_sparse.edgelist,0,10,1000,6000,6.0,0.682,0.00879765395894428,998,6,,,,/global/u1/a/aakaash/cs5220-final/parallel-bfs/build/bfs_linalg /global/u1/a/aakaash/cs5220-final/parallel-bfs/test-graphs/medium_sparse.edgelist 0 warpbitmap
graph-first,direction-optimizing,medium_sparse.edgelist,0,10,1000,6000,6.0,0.771,0.007782101167315175,998,6,6,4,3,/global/u1/a/aakaash/cs5220-final/parallel-bfs/build/bfs_graphfirst /global/u1/a/aakaash/cs5220-final/parallel-bfs/test-graphs/medium_sparse.edgelist 0
linear-algebraic,baseline,large_dense.edgelist,0,1,100000,10000000,100.0,13.057,0.7658727119552731,100000,4,,,,/global/u1/a/aakaash/cs5220-final/parallel-bfs/build/bfs_linalg /global/u1/a/aakaash/cs5220-final/parallel-bfs/test-graphs/large_dense.edgelist 0 baseline
linear-algebraic,warp,large_dense.edgelist,0,1,100000,10000000,100.0,14.031,0.7127075760815337,100000,4,,,,/global/u1/a/aakaash/cs5220-final/parallel-bfs/build/bfs_linalg /global/u1/a/aakaash/cs5220-final/parallel-bfs/test-graphs/large_dense.edgelist 0 warp
linear-algebraic,bitmap,large_dense.edgelist,0,1,100000,10000000,100.0,4.336,2.306273062730627,100000,4,,,,/global/u1/a/aakaash/cs5220-final/parallel-bfs/build/bfs_linalg /global/u1/a/aakaash/cs5220-final/parallel-bfs/test-graphs/large_dense.edgelist 0 bitmap
linear-algebraic,pushpull,large_dense.edgelist,0,1,100000,10000000,100.0,13.406,0.7459346561241235,100000,4,,,,/global/u1/a/aakaash/cs5220-final/parallel-bfs/build/bfs_linalg /global/u1/a/aakaash/cs5220-final/parallel-bfs/test-graphs/large_dense.edgelist 0 pushpull
linear-algebraic,warpbitmap,large_dense.edgelist,0,1,100000,10000000,100.0,4.608,2.170138888888889,100000,4,,,,/global/u1/a/aakaash/cs5220-final/parallel-bfs/build/bfs_linalg /global/u1/a/aakaash/cs5220-final/parallel-bfs/test-graphs/large_dense.edgelist 0 warpbitmap
graph-first,direction-optimizing,large_dense.edgelist,0,1,100000,10000000,100.0,4.856,2.059308072487644,100000,4,4,3,2,/global/u1/a/aakaash/cs5220-final/parallel-bfs/build/bfs_graphfirst /global/u1/a/aakaash/cs5220-final/parallel-bfs/test-graphs/large_dense.edgelist 0
linear-algebraic,baseline,large_dense.edgelist,0,2,100000,10000000,100.0,4.999,2.000400080016003,100000,4,,,,/global/u1/a/aakaash/cs5220-final/parallel-bfs/build/bfs_linalg /global/u1/a/aakaash/cs5220-final/parallel-bfs/test-graphs/large_dense.edgelist 0 baseline
linear-algebraic,warp,large_dense.edgelist,0,2,100000,10000000,100.0,17.706,0.5647803004631199,100000,4,,,,/global/u1/a/aakaash/cs5220-final/parallel-bfs/build/bfs_linalg /global/u1/a/aakaash/cs5220-final/parallel-bfs/test-graphs/large_dense.edgelist 0 warp
linear-algebraic,bitmap,large_dense.edgelist,0,2,100000,10000000,100.0,4.288,2.3320895522388057,100000,4,,,,/global/u1/a/aakaash/cs5220-final/parallel-bfs/build/bfs_linalg /global/u1/a/aakaash/cs5220-final/parallel-bfs/test-graphs/large_dense.edgelist 0 bitmap
linear-algebraic,pushpull,large_dense.edgelist,0,2,100000,10000000,100.0,4.715,2.1208907741251326,100000,4,,,,/global/u1/a/aakaash/cs5220-final/parallel-bfs/build/bfs_linalg /global/u1/a/aakaash/cs5220-final/parallel-bfs/test-graphs/large_dense.edgelist 0 pushpull
linear-algebraic,warpbitmap,large_dense.edgelist,0,2,100000,10000000,100.0,13.256,0.7543753771876887,100000,4,,,,/global/u1/a/aakaash/cs5220-final/parallel-bfs/build/bfs_linalg /global/u1/a/aakaash/cs5220-final/parallel-bfs/test-graphs/large_dense.edgelist 0 warpbitmap
graph-first,direction-optimizing,large_dense.edgelist,0,2,100000,10000000,100.0,12.441,0.8037939072421831,100000,4,4,3,2,/global/u1/a/aakaash/cs5220-final/parallel-bfs/build/bfs_graphfirst /global/u1/a/aakaash/cs5220-final/parallel-bfs/test-graphs/large_dense.edgelist 0
linear-algebraic,baseline,large_dense.edgelist,0,3,100000,10000000,100.0,4.824,2.0729684908789388,100000,4,,,,/global/u1/a/aakaash/cs5220-final/parallel-bfs/build/bfs_linalg /global/u1/a/aakaash/cs5220-final/parallel-bfs/test-graphs/large_dense.edgelist 0 baseline
linear-algebraic,warp,large_dense.edgelist,0,3,100000,10000000,100.0,4.698,2.1285653469561514,100000,4,,,,/global/u1/a/aakaash/cs5220-final/parallel-bfs/build/bfs_linalg /global/u1/a/aakaash/cs5220-final/parallel-bfs/test-graphs/large_dense.edgelist 0 warp
linear-algebraic,bitmap,large_dense.edgelist,0,3,100000,10000000,100.0,4.423,2.26090888537192,100000,4,,,,/global/u1/a/aakaash/cs5220-final/parallel-bfs/build/bfs_linalg /global/u1/a/aakaash/cs5220-final/parallel-bfs/test-graphs/large_dense.edgelist 0 bitmap
linear-algebraic,pushpull,large_dense.edgelist,0,3,100000,10000000,100.0,13.644,0.732922896511287,100000,4,,,,/global/u1/a/aakaash/cs5220-final/parallel-bfs/build/bfs_linalg /global/u1/a/aakaash/cs5220-final/parallel-bfs/test-graphs/large_dense.edgelist 0 pushpull
linear-algebraic,warpbitmap,large_dense.edgelist,0,3,100000,10000000,100.0,12.287,0.8138683161064539,100000,4,,,,/global/u1/a/aakaash/cs5220-final/parallel-bfs/build/bfs_linalg /global/u1/a/aakaash/cs5220-final/parallel-bfs/test-graphs/large_dense.edgelist 0 warpbitmap
graph-first,direction-optimizing,large_dense.edgelist,0,3,100000,10000000,100.0,4.847,2.0631318341242,100000,4,4,3,2,/global/u1/a/aakaash/cs5220-final/parallel-bfs/build/bfs_graphfirst /global/u1/a/aakaash/cs5220-final/parallel-bfs/test-graphs/large_dense.edgelist 0
linear-algebraic,baseline,large_dense.edgelist,0,4,100000,10000000,100.0,4.705,2.1253985122210417,100000,4,,,,/global/u1/a/aakaash/cs5220-final/parallel-bfs/build/bfs_linalg /global/u1/a/aakaash/cs5220-final/parallel-bfs/test-graphs/large_dense.edgelist 0 baseline
linear-algebraic,warp,large_dense.edgelist,0,4,100000,10000000,100.0,4.775,2.0942408376963346,100000,4,,,,/global/u1/a/aakaash/cs5220-final/parallel-bfs/build/bfs_linalg /global/u1/a/aakaash/cs5220-final/parallel-bfs/test-graphs/large_dense.edgelist 0 warp
linear-algebraic,bitmap,large_dense.edgelist,0,4,100000,10000000,100.0,4.398,2.2737608003638017,100000,4,,,,/global/u1/a/aakaash/cs5220-final/parallel-bfs/build/bfs_linalg /global/u1/a/aakaash/cs5220-final/parallel-bfs/test-graphs/large_dense.edgelist 0 bitmap
linear-algebraic,pushpull,large_dense.edgelist,0,4,100000,10000000,100.0,4.895,2.042900919305414,100000,4,,,,/global/u1/a/aakaash/cs5220-final/parallel-bfs/build/bfs_linalg /global/u1/a/aakaash/cs5220-final/parallel-bfs/test-graphs/large_dense.edgelist 0 pushpull
linear-algebraic,warpbitmap,large_dense.edgelist,0,4,100000,10000000,100.0,4.64,2.1551724137931036,100000,4,,,,/global/u1/a/aakaash/cs5220-final/parallel-bfs/build/bfs_linalg /global/u1/a/aakaash/cs5220-final/parallel-bfs/test-graphs/large_dense.edgelist 0 warpbitmap
graph-first,direction-optimizing,large_dense.edgelist,0,4,100000,10000000,100.0,5.12,1.953125,100000,4,4,3,2,/global/u1/a/aakaash/cs5220-final/parallel-bfs/build/bfs_graphfirst /global/u1/a/aakaash/cs5220-final/parallel-bfs/test-graphs/large_dense.edgelist 0
linear-algebraic,baseline,large_dense.edgelist,0,5,100000,10000000,100.0,5.964,1.6767270288397047,100000,4,,,,/global/u1/a/aakaash/cs5220-final/parallel-bfs/build/bfs_linalg /global/u1/a/aakaash/cs5220-final/parallel-bfs/test-graphs/large_dense.edgelist 0 baseline
linear-algebraic,warp,large_dense.edgelist,0,5,100000,10000000,100.0,5.056,1.9778481012658227,100000,4,,,,/global/u1/a/aakaash/cs5220-final/parallel-bfs/build/bfs_linalg /global/u1/a/aakaash/cs5220-final/parallel-bfs/test-graphs/large_dense.edgelist 0 warp
linear-algebraic,bitmap,large_dense.edgelist,0,5,100000,10000000,100.0,4.363,2.2920009168003666,100000,4,,,,/global/u1/a/aakaash/cs5220-final/parallel-bfs/build/bfs_linalg /global/u1/a/aakaash/cs5220-final/parallel-bfs/test-graphs/large_dense.edgelist 0 bitmap
linear-algebraic,pushpull,large_dense.edgelist,0,5,100000,10000000,100.0,4.899,2.0412329046744233,100000,4,,,,/global/u1/a/aakaash/cs5220-final/parallel-bfs/build/bfs_linalg /global/u1/a/aakaash/cs5220-final/parallel-bfs/test-graphs/large_dense.edgelist 0 pushpull
linear-algebraic,warpbitmap,large_dense.edgelist,0,5,100000,10000000,100.0,4.376,2.285191956124314,100000,4,,,,/global/u1/a/aakaash/cs5220-final/parallel-bfs/build/bfs_linalg /global/u1/a/aakaash/cs5220-final/parallel-bfs/test-graphs/large_dense.edgelist 0 warpbitmap
graph-first,direction-optimizing,large_dense.edgelist,0,5,100000,10000000,100.0,5.052,1.9794140934283453,100000,4,4,3,2,/global/u1/a/aakaash/cs5220-final/parallel-bfs/build/bfs_graphfirst /global/u1/a/aakaash/cs5220-final/parallel-bfs/test-graphs/large_dense.edgelist 0
linear-algebraic,baseline,large_dense.edgelist,0,6,100000,10000000,100.0,13.68,0.7309941520467836,100000,4,,,,/global/u1/a/aakaash/cs5220-final/parallel-bfs/build/bfs_linalg /global/u1/a/aakaash/cs5220-final/parallel-bfs/test-graphs/large_dense.edgelist 0 baseline
linear-algebraic,warp,large_dense.edgelist,0,6,100000,10000000,100.0,13.899,0.7194762213108857,100000,4,,,,/global/u1/a/aakaash/cs5220-final/parallel-bfs/build/bfs_linalg /global/u1/a/aakaash/cs5220-final/parallel-bfs/test-graphs/large_dense.edgelist 0 warp
linear-algebraic,bitmap,large_dense.edgelist,0,6,100000,10000000,100.0,4.672,2.14041095890411,100000,4,,,,/global/u1/a/aakaash/cs5220-final/parallel-bfs/build/bfs_linalg /global/u1/a/aakaash/cs5220-final/parallel-bfs/test-graphs/large_dense.edgelist 0 bitmap
linear-algebraic,pushpull,large_dense.edgelist,0,6,100000,10000000,100.0,4.576,2.1853146853146854,100000,4,,,,/global/u1/a/aakaash/cs5220-final/parallel-bfs/build/bfs_linalg /global/u1/a/aakaash/cs5220-final/parallel-bfs/test-graphs/large_dense.edgelist 0 pushpull
linear-algebraic,warpbitmap,large_dense.edgelist,0,6,100000,10000000,100.0,4.278,2.3375409069658724,100000,4,,,,/global/u1/a/aakaash/cs5220-final/parallel-bfs/build/bfs_linalg /global/u1/a/aakaash/cs5220-final/parallel-bfs/test-graphs/large_dense.edgelist 0 warpbitmap
graph-first,direction-optimizing,large_dense.edgelist,0,6,100000,10000000,100.0,4.948,2.0210185933710587,100000,4,4,3,2,/global/u1/a/aakaash/cs5220-final/parallel-bfs/build/bfs_graphfirst /global/u1/a/aakaash/cs5220-final/parallel-bfs/test-graphs/large_dense.edgelist 0
linear-algebraic,baseline,large_dense.edgelist,0,7,100000,10000000,100.0,4.721,2.1181952976064395,100000,4,,,,/global/u1/a/aakaash/cs5220-final/parallel-bfs/build/bfs_linalg /global/u1/a/aakaash/cs5220-final/parallel-bfs/test-graphs/large_dense.edgelist 0 baseline
linear-algebraic,warp,large_dense.edgelist,0,7,100000,10000000,100.0,4.702,2.126754572522331,100000,4,,,,/global/u1/a/aakaash/cs5220-final/parallel-bfs/build/bfs_linalg /global/u1/a/aakaash/cs5220-final/parallel-bfs/test-graphs/large_dense.edgelist 0 warp
linear-algebraic,bitmap,large_dense.edgelist,0,7,100000,10000000,100.0,6.348,1.575299306868305,100000,4,,,,/global/u1/a/aakaash/cs5220-final/parallel-bfs/build/bfs_linalg /global/u1/a/aakaash/cs5220-final/parallel-bfs/test-graphs/large_dense.edgelist 0 bitmap
linear-algebraic,pushpull,large_dense.edgelist,0,7,100000,10000000,100.0,4.678,2.1376656690893547,100000,4,,,,/global/u1/a/aakaash/cs5220-final/parallel-bfs/build/bfs_linalg /global/u1/a/aakaash/cs5220-final/parallel-bfs/test-graphs/large_dense.edgelist 0 pushpull
linear-algebraic,warpbitmap,large_dense.edgelist,0,7,100000,10000000,100.0,20.102,0.4974629390110437,100000,4,,,,/global/u1/a/aakaash/cs5220-final/parallel-bfs/build/bfs_linalg /global/u1/a/aakaash/cs5220-final/parallel-bfs/test-graphs/large_dense.edgelist 0 warpbitmap
graph-first,direction-optimizing,large_dense.edgelist,0,7,100000,10000000,100.0,14.737,0.6785641582411617,100000,4,4,3,2,/global/u1/a/aakaash/cs5220-final/parallel-bfs/build/bfs_graphfirst /global/u1/a/aakaash/cs5220-final/parallel-bfs/test-graphs/large_dense.edgelist 0
linear-algebraic,baseline,large_dense.edgelist,0,8,100000,10000000,100.0,9.655,1.035732780942517,100000,4,,,,/global/u1/a/aakaash/cs5220-final/parallel-bfs/build/bfs_linalg /global/u1/a/aakaash/cs5220-final/parallel-bfs/test-graphs/large_dense.edgelist 0 baseline
linear-algebraic,warp,large_dense.edgelist,0,8,100000,10000000,100.0,4.957,2.017349203147065,100000,4,,,,/global/u1/a/aakaash/cs5220-final/parallel-bfs/build/bfs_linalg /global/u1/a/aakaash/cs5220-final/parallel-bfs/test-graphs/large_dense.edgelist 0 warp
linear-algebraic,bitmap,large_dense.edgelist,0,8,100000,10000000,100.0,13.377,0.7475517679599312,100000,4,,,,/global/u1/a/aakaash/cs5220-final/parallel-bfs/build/bfs_linalg /global/u1/a/aakaash/cs5220-final/parallel-bfs/test-graphs/large_dense.edgelist 0 bitmap
linear-algebraic,pushpull,large_dense.edgelist,0,8,100000,10000000,100.0,4.711,2.1226915729144555,100000,4,,,,/global/u1/a/aakaash/cs5220-final/parallel-bfs/build/bfs_linalg /global/u1/a/aakaash/cs5220-final/parallel-bfs/test-graphs/large_dense.edgelist 0 pushpull
linear-algebraic,warpbitmap,large_dense.edgelist,0,8,100000,10000000,100.0,11.564,0.8647526807333102,100000,4,,,,/global/u1/a/aakaash/cs5220-final/parallel-bfs/build/bfs_linalg /global/u1/a/aakaash/cs5220-final/parallel-bfs/test-graphs/large_dense.edgelist 0 warpbitmap
graph-first,direction-optimizing,large_dense.edgelist,0,8,100000,10000000,100.0,5.119,1.9535065442469235,100000,4,4,3,2,/global/u1/a/aakaash/cs5220-final/parallel-bfs/build/bfs_graphfirst /global/u1/a/aakaash/cs5220-final/parallel-bfs/test-graphs/large_dense.edgelist 0
linear-algebraic,baseline,large_dense.edgelist,0,9,100000,10000000,100.0,4.691,2.131741632914091,100000,4,,,,/global/u1/a/aakaash/cs5220-final/parallel-bfs/build/bfs_linalg /global/u1/a/aakaash/cs5220-final/parallel-bfs/test-graphs/large_dense.edgelist 0 baseline
linear-algebraic,warp,large_dense.edgelist,0,9,100000,10000000,100.0,14.097,0.7093707881109456,100000,4,,,,/global/u1/a/aakaash/cs5220-final/parallel-bfs/build/bfs_linalg /global/u1/a/aakaash/cs5220-final/parallel-bfs/test-graphs/large_dense.edgelist 0 warp
linear-algebraic,bitmap,large_dense.edgelist,0,9,100000,10000000,100.0,4.454,2.2451728783116303,100000,4,,,,/global/u1/a/aakaash/cs5220-final/parallel-bfs/build/bfs_linalg /global/u1/a/aakaash/cs5220-final/parallel-bfs/test-graphs/large_dense.edgelist 0 bitmap
linear-algebraic,pushpull,large_dense.edgelist,0,9,100000,10000000,100.0,9.674,1.0336985734959685,100000,4,,,,/global/u1/a/aakaash/cs5220-final/parallel-bfs/build/bfs_linalg /global/u1/a/aakaash/cs5220-final/parallel-bfs/test-graphs/large_dense.edgelist 0 pushpull
linear-algebraic,warpbitmap,large_dense.edgelist,0,9,100000,10000000,100.0,21.115,0.47359696897939857,100000,4,,,,/global/u1/a/aakaash/cs5220-final/parallel-bfs/build/bfs_linalg /global/u1/a/aakaash/cs5220-final/parallel-bfs/test-graphs/large_dense.edgelist 0 warpbitmap
graph-first,direction-optimizing,large_dense.edgelist,0,9,100000,10000000,100.0,4.909,2.0370747606437156,100000,4,4,3,2,/global/u1/a/aakaash/cs5220-final/parallel-bfs/build/bfs_graphfirst /global/u1/a/aakaash/cs5220-final/parallel-bfs/test-graphs/large_dense.edgelist 0
linear-algebraic,baseline,large_dense.edgelist,0,10,100000,10000000,100.0,4.838,2.0669698222405954,100000,4,,,,/global/u1/a/aakaash/cs5220-final/parallel-bfs/build/bfs_linalg /global/u1/a/aakaash/cs5220-final/parallel-bfs/test-graphs/large_dense.edgelist 0 baseline
linear-algebraic,warp,large_dense.edgelist,0,10,100000,10000000,100.0,4.901,2.0403999183840034,100000,4,,,,/global/u1/a/aakaash/cs5220-final/parallel-bfs/build/bfs_linalg /global/u1/a/aakaash/cs5220-final/parallel-bfs/test-graphs/large_dense.edgelist 0 warp
linear-algebraic,bitmap,large_dense.edgelist,0,10,100000,10000000,100.0,12.166,0.821962847279303,100000,4,,,,/global/u1/a/aakaash/cs5220-final/parallel-bfs/build/bfs_linalg /global/u1/a/aakaash/cs5220-final/parallel-bfs/test-graphs/large_dense.edgelist 0 bitmap
linear-algebraic,pushpull,large_dense.edgelist,0,10,100000,10000000,100.0,4.549,2.1982853374367988,100000,4,,,,/global/u1/a/aakaash/cs5220-final/parallel-bfs/build/bfs_linalg /global/u1/a/aakaash/cs5220-final/parallel-bfs/test-graphs/large_dense.edgelist 0 pushpull
linear-algebraic,warpbitmap,large_dense.edgelist,0,10,100000,10000000,100.0,4.336,2.306273062730627,100000,4,,,,/global/u1/a/aakaash/cs5220-final/parallel-bfs/build/bfs_linalg /global/u1/a/aakaash/cs5220-final/parallel-bfs/test-graphs/large_dense.edgelist 0 warpbitmap
graph-first,direction-optimizing,large_dense.edgelist,0,10,100000,10000000,100.0,6.945,1.4398848092152627,100000,4,4,3,2,/global/u1/a/aakaash/cs5220-final/parallel-bfs/build/bfs_graphfirst /global/u1/a/aakaash/cs5220-final/parallel-bfs/test-graphs/large_dense.edgelist 0
linear-algebraic,baseline,large_powerlaw.edgelist,0,1,100000,3999580,40.0,2.848,1.4043469101123596,100000,3,,,,/global/u1/a/aakaash/cs5220-final/parallel-bfs/build/bfs_linalg /global/u1/a/aakaash/cs5220-final/parallel-bfs/test-graphs/large_powerlaw.edgelist 0 baseline
linear-algebraic,warp,large_powerlaw.edgelist,0,1,100000,3999580,40.0,12.589,0.3177043450631503,100000,3,,,,/global/u1/a/aakaash/cs5220-final/parallel-bfs/build/bfs_linalg /global/u1/a/aakaash/cs5220-final/parallel-bfs/test-graphs/large_powerlaw.edgelist 0 warp
linear-algebraic,bitmap,large_powerlaw.edgelist,0,1,100000,3999580,40.0,11.693,0.3420490891986659,100000,3,,,,/global/u1/a/aakaash/cs5220-final/parallel-bfs/build/bfs_linalg /global/u1/a/aakaash/cs5220-final/parallel-bfs/test-graphs/large_powerlaw.edgelist 0 bitmap
linear-algebraic,pushpull,large_powerlaw.edgelist,0,1,100000,3999580,40.0,4.369,0.9154451819638362,100000,3,,,,/global/u1/a/aakaash/cs5220-final/parallel-bfs/build/bfs_linalg /global/u1/a/aakaash/cs5220-final/parallel-bfs/test-graphs/large_powerlaw.edgelist 0 pushpull
linear-algebraic,warpbitmap,large_powerlaw.edgelist,0,1,100000,3999580,40.0,2.325,1.7202494623655913,100000,3,,,,/global/u1/a/aakaash/cs5220-final/parallel-bfs/build/bfs_linalg /global/u1/a/aakaash/cs5220-final/parallel-bfs/test-graphs/large_powerlaw.edgelist 0 warpbitmap
graph-first,direction-optimizing,large_powerlaw.edgelist,0,1,100000,3999580,40.0,6.229,0.6420902231497833,100000,3,3,2,2,/global/u1/a/aakaash/cs5220-final/parallel-bfs/build/bfs_graphfirst /global/u1/a/aakaash/cs5220-final/parallel-bfs/test-graphs/large_powerlaw.edgelist 0
linear-algebraic,baseline,large_powerlaw.edgelist,0,2,100000,3999580,40.0,2.81,1.423338078291815,100000,3,,,,/global/u1/a/aakaash/cs5220-final/parallel-bfs/build/bfs_linalg /global/u1/a/aakaash/cs5220-final/parallel-bfs/test-graphs/large_powerlaw.edgelist 0 baseline
linear-algebraic,warp,large_powerlaw.edgelist,0,2,100000,3999580,40.0,10.574,0.37824664270853037,100000,3,,,,/global/u1/a/aakaash/cs5220-final/parallel-bfs/build/bfs_linalg /global/u1/a/aakaash/cs5220-final/parallel-bfs/test-graphs/large_powerlaw.edgelist 0 warp
linear-algebraic,bitmap,large_powerlaw.edgelist,0,2,100000,3999580,40.0,2.465,1.6225476673427992,100000,3,,,,/global/u1/a/aakaash/cs5220-final/parallel-bfs/build/bfs_linalg /global/u1/a/aakaash/cs5220-final/parallel-bfs/test-graphs/large_powerlaw.edgelist 0 bitmap
linear-algebraic,pushpull,large_powerlaw.edgelist,0,2,100000,3999580,40.0,4.306,0.9288388295401764,100000,3,,,,/global/u1/a/aakaash/cs5220-final/parallel-bfs/build/bfs_linalg /global/u1/a/aakaash/cs5220-final/parallel-bfs/test-graphs/large_powerlaw.edgelist 0 pushpull
linear-algebraic,warpbitmap,large_powerlaw.edgelist,0,2,100000,3999580,40.0,2.318,1.725444348576359,100000,3,,,,/global/u1/a/aakaash/cs5220-final/parallel-bfs/build/bfs_linalg /global/u1/a/aakaash/cs5220-final/parallel-bfs/test-graphs/large_powerlaw.edgelist 0 warpbitmap
graph-first,direction-optimizing,large_powerlaw.edgelist,0,2,100000,3999580,40.0,9.538,0.41933109666596774,100000,3,3,2,2,/global/u1/a/aakaash/cs5220-final/parallel-bfs/build/bfs_graphfirst /global/u1/a/aakaash/cs5220-final/parallel-bfs/test-graphs/large_powerlaw.edgelist 0
linear-algebraic,baseline,large_powerlaw.edgelist,0,3,100000,3999580,40.0,2.891,1.3834590107229334,100000,3,,,,/global/u1/a/aakaash/cs5220-final/parallel-bfs/build/bfs_linalg /global/u1/a/aakaash/cs5220-final/parallel-bfs/test-graphs/large_powerlaw.edgelist 0 baseline
linear-algebraic,warp,large_powerlaw.edgelist,0,3,100000,3999580,40.0,11.99,0.3335763135946622,100000,3,,,,/global/u1/a/aakaash/cs5220-final/parallel-bfs/build/bfs_linalg /global/u1/a/aakaash/cs5220-final/parallel-bfs/test-graphs/large_powerlaw.edgelist 0 warp
linear-algebraic,bitmap,large_powerlaw.edgelist,0,3,100000,3999580,40.0,2.528,1.5821123417721519,100000,3,,,,/global/u1/a/aakaash/cs5220-final/parallel-bfs/build/bfs_linalg /global/u1/a/aakaash/cs5220-final/parallel-bfs/test-graphs/large_powerlaw.edgelist 0 bitmap
linear-algebraic,pushpull,large_powerlaw.edgelist,0,3,100000,3999580,40.0,4.482,0.8923650156180276,100000,3,,,,/global/u1/a/aakaash/cs5220-final/parallel-bfs/build/bfs_linalg /global/u1/a/aakaash/cs5220-final/parallel-bfs/test-graphs/large_powerlaw.edgelist 0 pushpull
linear-algebraic,warpbitmap,large_powerlaw.edgelist,0,3,100000,3999580,40.0,2.335,1.712882226980728,100000,3,,,,/global/u1/a/aakaash/cs5220-final/parallel-bfs/build/bfs_linalg /global/u1/a/aakaash/cs5220-final/parallel-bfs/test-graphs/large_powerlaw.edgelist 0 warpbitmap
graph-first,direction-optimizing,large_powerlaw.edgelist,0,3,100000,3999580,40.0,15.455,0.2587887415076027,100000,3,3,2,2,/global/u1/a/aakaash/cs5220-final/parallel-bfs/build/bfs_graphfirst /global/u1/a/aakaash/cs5220-final/parallel-bfs/test-graphs/large_powerlaw.edgelist 0
linear-algebraic,baseline,large_powerlaw.edgelist,0,4,100000,3999580,40.0,2.854,1.4013945339873861,100000,3,,,,/global/u1/a/aakaash/cs5220-final/parallel-bfs/build/bfs_linalg /global/u1/a/aakaash/cs5220-final/parallel-bfs/test-graphs/large_powerlaw.edgelist 0 baseline
linear-algebraic,warp,large_powerlaw.edgelist,0,4,100000,3999580,40.0,2.546,1.5709269442262372,100000,3,,,,/global/u1/a/aakaash/cs5220-final/parallel-bfs/build/bfs_linalg /global/u1/a/aakaash/cs5220-final/parallel-bfs/test-graphs/large_powerlaw.edgelist 0 warp
linear-algebraic,bitmap,large_powerlaw.edgelist,0,4,100000,3999580,40.0,2.464,1.623206168831169,100000,3,,,,/global/u1/a/aakaash/cs5220-final/parallel-bfs/build/bfs_linalg /global/u1/a/aakaash/cs5220-final/parallel-bfs/test-graphs/large_powerlaw.edgelist 0 bitmap
linear-algebraic,pushpull,large_powerlaw.edgelist,0,4,100000,3999580,40.0,20.158,0.1984115487647584,100000,3,,,,/global/u1/a/aakaash/cs5220-final/parallel-bfs/build/bfs_linalg /global/u1/a/aakaash/cs5220-final/parallel-bfs/test-graphs/large_powerlaw.edgelist 0 pushpull
linear-algebraic,warpbitmap,large_powerlaw.edgelist,0,4,100000,3999580,40.0,2.277,1.7565129556433903,100000,3,,,,/global/u1/a/aakaash/cs5220-final/parallel-bfs/build/bfs_linalg /global/u1/a/aakaash/cs5220-final/parallel-bfs/test-graphs/large_powerlaw.edgelist 0 warpbitmap
graph-first,direction-optimizing,large_powerlaw.edgelist,0,4,100000,3999580,40.0,6.242,0.6407529637936559,100000,3,3,2,2,/global/u1/a/aakaash/cs5220-final/parallel-bfs/build/bfs_graphfirst /global/u1/a/aakaash/cs5220-final/parallel-bfs/test-graphs/large_powerlaw.edgelist 0
linear-algebraic,baseline,large_powerlaw.edgelist,0,5,100000,3999580,40.0,2.801,1.4279114601927883,100000,3,,,,/global/u1/a/aakaash/cs5220-final/parallel-bfs/build/bfs_linalg /global/u1/a/aakaash/cs5220-final/parallel-bfs/test-graphs/large_powerlaw.edgelist 0 baseline
linear-algebraic,warp,large_powerlaw.edgelist,0,5,100000,3999580,40.0,2.469,1.619918995544755,100000,3,,,,/global/u1/a/aakaash/cs5220-final/parallel-bfs/build/bfs_linalg /global/u1/a/aakaash/cs5220-final/parallel-bfs/test-graphs/large_powerlaw.edgelist 0 warp
linear-algebraic,bitmap,large_powerlaw.edgelist,0,5,100000,3999580,40.0,2.858,1.3994331700489853,100000,3,,,,/global/u1/a/aakaash/cs5220-final/parallel-bfs/build/bfs_linalg /global/u1/a/aakaash/cs5220-final/parallel-bfs/test-graphs/large_powerlaw.edgelist 0 bitmap
linear-algebraic,pushpull,large_powerlaw.edgelist,0,5,100000,3999580,40.0,5.085,0.7865447394296952,100000,3,,,,/global/u1/a/aakaash/cs5220-final/parallel-bfs/build/bfs_linalg /global/u1/a/aakaash/cs5220-final/parallel-bfs/test-graphs/large_powerlaw.edgelist 0 pushpull
linear-algebraic,warpbitmap,large_powerlaw.edgelist,0,5,100000,3999580,40.0,5.481,0.7297172048896187,100000,3,,,,/global/u1/a/aakaash/cs5220-final/parallel-bfs/build/bfs_linalg /global/u1/a/aakaash/cs5220-final/parallel-bfs/test-graphs/large_powerlaw.edgelist 0 warpbitmap
graph-first,direction-optimizing,large_powerlaw.edgelist,0,5,100000,3999580,40.0,6.293,0.635560146194184,100000,3,3,2,2,/global/u1/a/aakaash/cs5220-final/parallel-bfs/build/bfs_graphfirst /global/u1/a/aakaash/cs5220-final/parallel-bfs/test-graphs/large_powerlaw.edgelist 0
linear-algebraic,baseline,large_powerlaw.edgelist,0,6,100000,3999580,40.0,2.778,1.4397336213102951,100000,3,,,,/global/u1/a/aakaash/cs5220-final/parallel-bfs/build/bfs_linalg /global/u1/a/aakaash/cs5220-final/parallel-bfs/test-graphs/large_powerlaw.edgelist 0 baseline
linear-algebraic,warp,large_powerlaw.edgelist,0,6,100000,3999580,40.0,11.16,0.3583853046594982,100000,3,,,,/global/u1/a/aakaash/cs5220-final/parallel-bfs/build/bfs_linalg /global/u1/a/aakaash/cs5220-final/parallel-bfs/test-graphs/large_powerlaw.edgelist 0 warp
linear-algebraic,bitmap,large_powerlaw.edgelist,0,6,100000,3999580,40.0,2.457,1.627830687830688,100000,3,,,,/global/u1/a/aakaash/cs5220-final/parallel-bfs/build/bfs_linalg /global/u1/a/aakaash/cs5220-final/parallel-bfs/test-graphs/large_powerlaw.edgelist 0 bitmap
linear-algebraic,pushpull,large_powerlaw.edgelist,0,6,100000,3999580,40.0,6.5,0.61532,100000,3,,,,/global/u1/a/aakaash/cs5220-final/parallel-bfs/build/bfs_linalg /global/u1/a/aakaash/cs5220-final/parallel-bfs/test-graphs/large_powerlaw.edgelist 0 pushpull
linear-algebraic,warpbitmap,large_powerlaw.edgelist,0,6,100000,3999580,40.0,2.259,1.7705090748118637,100000,3,,,,/global/u1/a/aakaash/cs5220-final/parallel-bfs/build/bfs_linalg /global/u1/a/aakaash/cs5220-final/parallel-bfs/test-graphs/large_powerlaw.edgelist 0 warpbitmap
graph-first,direction-optimizing,large_powerlaw.edgelist,0,6,100000,3999580,40.0,6.301,0.6347532137755911,100000,3,3,2,2,/global/u1/a/aakaash/cs5220-final/parallel-bfs/build/bfs_graphfirst /global/u1/a/aakaash/cs5220-final/parallel-bfs/test-graphs/large_powerlaw.edgelist 0
linear-algebraic,baseline,large_powerlaw.edgelist,0,7,100000,3999580,40.0,2.787,1.4350843200574093,100000,3,,,,/global/u1/a/aakaash/cs5220-final/parallel-bfs/build/bfs_linalg /global/u1/a/aakaash/cs5220-final/parallel-bfs/test-graphs/large_powerlaw.edgelist 0 baseline
linear-algebraic,warp,large_powerlaw.edgelist,0,7,100000,3999580,40.0,7.354,0.5438645635028556,100000,3,,,,/global/u1/a/aakaash/cs5220-final/parallel-bfs/build/bfs_linalg /global/u1/a/aakaash/cs5220-final/parallel-bfs/test-graphs/large_powerlaw.edgelist 0 warp
linear-algebraic,bitmap,large_powerlaw.edgelist,0,7,100000,3999580,40.0,2.327,1.7187709497206705,100000,3,,,,/global/u1/a/aakaash/cs5220-final/parallel-bfs/build/bfs_linalg /global/u1/a/aakaash/cs5220-final/parallel-bfs/test-graphs/large_powerlaw.edgelist 0 bitmap
linear-algebraic,pushpull,large_powerlaw.edgelist,0,7,100000,3999580,40.0,4.383,0.9125211042664841,100000,3,,,,/global/u1/a/aakaash/cs5220-final/parallel-bfs/build/bfs_linalg /global/u1/a/aakaash/cs5220-final/parallel-bfs/test-graphs/large_powerlaw.edgelist 0 pushpull
linear-algebraic,warpbitmap,large_powerlaw.edgelist,0,7,100000,3999580,40.0,2.25,1.777591111111111,100000,3,,,,/global/u1/a/aakaash/cs5220-final/parallel-bfs/build/bfs_linalg /global/u1/a/aakaash/cs5220-final/parallel-bfs/test-graphs/large_powerlaw.edgelist 0 warpbitmap
graph-first,direction-optimizing,large_powerlaw.edgelist,0,7,100000,3999580,40.0,6.248,0.6401376440460947,100000,3,3,2,2,/global/u1/a/aakaash/cs5220-final/parallel-bfs/build/bfs_graphfirst /global/u1/a/aakaash/cs5220-final/parallel-bfs/test-graphs/large_powerlaw.edgelist 0
linear-algebraic,baseline,large_powerlaw.edgelist,0,8,100000,3999580,40.0,2.828,1.4142786421499294,100000,3,,,,/global/u1/a/aakaash/cs5220-final/parallel-bfs/build/bfs_linalg /global/u1/a/aakaash/cs5220-final/parallel-bfs/test-graphs/large_powerlaw.edgelist 0 baseline
linear-algebraic,warp,large_powerlaw.edgelist,0,8,100000,3999580,40.0,2.562,1.5611163153786105,100000,3,,,,/global/u1/a/aakaash/cs5220-final/parallel-bfs/build/bfs_linalg /global/u1/a/aakaash/cs5220-final/parallel-bfs/test-graphs/large_powerlaw.edgelist 0 warp
linear-algebraic,bitmap,large_powerlaw.edgelist,0,8,100000,3999580,40.0,2.49,1.6062570281124497,100000,3,,,,/global/u1/a/aakaash/cs5220-final/parallel-bfs/build/bfs_linalg /global/u1/a/aakaash/cs5220-final/parallel-bfs/test-graphs/large_powerlaw.edgelist 0 bitmap
linear-algebraic,pushpull,large_powerlaw.edgelist,0,8,100000,3999580,40.0,4.318,0.9262575266327004,100000,3,,,,/global/u1/a/aakaash/cs5220-final/parallel-bfs/build/bfs_linalg /global/u1/a/aakaash/cs5220-final/parallel-bfs/test-graphs/large_powerlaw.edgelist 0 pushpull
linear-algebraic,warpbitmap,large_powerlaw.edgelist,0,8,100000,3999580,40.0,28.673,0.13948941512921567,100000,3,,,,/global/u1/a/aakaash/cs5220-final/parallel-bfs/build/bfs_linalg /global/u1/a/aakaash/cs5220-final/parallel-bfs/test-graphs/large_powerlaw.edgelist 0 warpbitmap
graph-first,direction-optimizing,large_powerlaw.edgelist,0,8,100000,3999580,40.0,6.27,0.6378915470494418,100000,3,3,2,2,/global/u1/a/aakaash/cs5220-final/parallel-bfs/build/bfs_graphfirst /global/u1/a/aakaash/cs5220-final/parallel-bfs/test-graphs/large_powerlaw.edgelist 0
linear-algebraic,baseline,large_powerlaw.edgelist,0,9,100000,3999580,40.0,2.838,1.4092952783650459,100000,3,,,,/global/u1/a/aakaash/cs5220-final/parallel-bfs/build/bfs_linalg /global/u1/a/aakaash/cs5220-final/parallel-bfs/test-graphs/large_powerlaw.edgelist 0 baseline
linear-algebraic,warp,large_powerlaw.edgelist,0,9,100000,3999580,40.0,10.043,0.3982455441601116,100000,3,,,,/global/u1/a/aakaash/cs5220-final/parallel-bfs/build/bfs_linalg /global/u1/a/aakaash/cs5220-final/parallel-bfs/test-graphs/large_powerlaw.edgelist 0 warp
linear-algebraic,bitmap,large_powerlaw.edgelist,0,9,100000,3999580,40.0,2.453,1.630485120260905,100000,3,,,,/global/u1/a/aakaash/cs5220-final/parallel-bfs/build/bfs_linalg /global/u1/a/aakaash/cs5220-final/parallel-bfs/test-graphs/large_powerlaw.edgelist 0 bitmap
linear-algebraic,pushpull,large_powerlaw.edgelist,0,9,100000,3999580,40.0,4.45,0.8987820224719101,100000,3,,,,/global/u1/a/aakaash/cs5220-final/parallel-bfs/build/bfs_linalg /global/u1/a/aakaash/cs5220-final/parallel-bfs/test-graphs/large_powerlaw.edgelist 0 pushpull
linear-algebraic,warpbitmap,large_powerlaw.edgelist,0,9,100000,3999580,40.0,2.326,1.7195098882201203,100000,3,,,,/global/u1/a/aakaash/cs5220-final/parallel-bfs/build/bfs_linalg /global/u1/a/aakaash/cs5220-final/parallel-bfs/test-graphs/large_powerlaw.edgelist 0 warpbitmap
graph-first,direction-optimizing,large_powerlaw.edgelist,0,9,100000,3999580,40.0,6.251,0.6398304271316589,100000,3,3,2,2,/global/u1/a/aakaash/cs5220-final/parallel-bfs/build/bfs_graphfirst /global/u1/a/aakaash/cs5220-final/parallel-bfs/test-graphs/large_powerlaw.edgelist 0
linear-algebraic,baseline,large_powerlaw.edgelist,0,10,100000,3999580,40.0,10.974,0.36445963185711683,100000,3,,,,/global/u1/a/aakaash/cs5220-final/parallel-bfs/build/bfs_linalg /global/u1/a/aakaash/cs5220-final/parallel-bfs/test-graphs/large_powerlaw.edgelist 0 baseline
linear-algebraic,warp,large_powerlaw.edgelist,0,10,100000,3999580,40.0,2.574,1.553838383838384,100000,3,,,,/global/u1/a/aakaash/cs5220-final/parallel-bfs/build/bfs_linalg /global/u1/a/aakaash/cs5220-final/parallel-bfs/test-graphs/large_powerlaw.edgelist 0 warp
linear-algebraic,bitmap,large_powerlaw.edgelist,0,10,100000,3999580,40.0,2.47,1.6192631578947365,100000,3,,,,/global/u1/a/aakaash/cs5220-final/parallel-bfs/build/bfs_linalg /global/u1/a/aakaash/cs5220-final/parallel-bfs/test-graphs/large_powerlaw.edgelist 0 bitmap
linear-algebraic,pushpull,large_powerlaw.edgelist,0,10,100000,3999580,40.0,4.334,0.9228380249192433,100000,3,,,,/global/u1/a/aakaash/cs5220-final/parallel-bfs/build/bfs_linalg /global/u1/a/aakaash/cs5220-final/parallel-bfs/test-graphs/large_powerlaw.edgelist 0 pushpull
linear-algebraic,warpbitmap,large_powerlaw.edgelist,0,10,100000,3999580,40.0,11.042,0.36221517840970835,100000,3,,,,/global/u1/a/aakaash/cs5220-final/parallel-bfs/build/bfs_linalg /global/u1/a/aakaash/cs5220-final/parallel-bfs/test-graphs/large_powerlaw.edgelist 0 warpbitmap
graph-first,direction-optimizing,large_powerlaw.edgelist,0,10,100000,3999580,40.0,6.259,0.6390126218245725,100000,3,3,2,2,/global/u1/a/aakaash/cs5220-final/parallel-bfs/build/bfs_graphfirst /global/u1/a/aakaash/cs5220-final/parallel-bfs/test-graphs/large_powerlaw.edgelist 0
linear-algebraic,baseline,large_sparse.edgelist,0,1,100000,1000000,10.0,11.835,0.08449514152936205,99996,7,,,,/global/u1/a/aakaash/cs5220-final/parallel-bfs/build/bfs_linalg /global/u1/a/aakaash/cs5220-final/parallel-bfs/test-graphs/large_sparse.edgelist 0 baseline
linear-algebraic,warp,large_sparse.edgelist,0,1,100000,1000000,10.0,1.826,0.5476451259583789,99996,7,,,,/global/u1/a/aakaash/cs5220-final/parallel-bfs/build/bfs_linalg /global/u1/a/aakaash/cs5220-final/parallel-bfs/test-graphs/large_sparse.edgelist 0 warp
linear-algebraic,bitmap,large_sparse.edgelist,0,1,100000,1000000,10.0,1.445,0.6920415224913495,99996,7,,,,/global/u1/a/aakaash/cs5220-final/parallel-bfs/build/bfs_linalg /global/u1/a/aakaash/cs5220-final/parallel-bfs/test-graphs/large_sparse.edgelist 0 bitmap
linear-algebraic,pushpull,large_sparse.edgelist,0,1,100000,1000000,10.0,1.816,0.5506607929515418,99996,7,,,,/global/u1/a/aakaash/cs5220-final/parallel-bfs/build/bfs_linalg /global/u1/a/aakaash/cs5220-final/parallel-bfs/test-graphs/large_sparse.edgelist 0 pushpull
linear-algebraic,warpbitmap,large_sparse.edgelist,0,1,100000,1000000,10.0,9.573,0.10446046171524077,99996,7,,,,/global/u1/a/aakaash/cs5220-final/parallel-bfs/build/bfs_linalg /global/u1/a/aakaash/cs5220-final/parallel-bfs/test-graphs/large_sparse.edgelist 0 warpbitmap
graph-first,direction-optimizing,large_sparse.edgelist,0,1,100000,1000000,10.0,1.928,0.5186721991701245,99996,7,7,5,3,/global/u1/a/aakaash/cs5220-final/parallel-bfs/build/bfs_graphfirst /global/u1/a/aakaash/cs5220-final/parallel-bfs/test-graphs/large_sparse.edgelist 0
linear-algebraic,baseline,large_sparse.edgelist,0,2,100000,1000000,10.0,10.893,0.09180207472688882,99996,7,,,,/global/u1/a/aakaash/cs5220-final/parallel-bfs/build/bfs_linalg /global/u1/a/aakaash/cs5220-final/parallel-bfs/test-graphs/large_sparse.edgelist 0 baseline
linear-algebraic,warp,large_sparse.edgelist,0,2,100000,1000000,10.0,1.828,0.5470459518599563,99996,7,,,,/global/u1/a/aakaash/cs5220-final/parallel-bfs/build/bfs_linalg /global/u1/a/aakaash/cs5220-final/parallel-bfs/test-graphs/large_sparse.edgelist 0 warp
linear-algebraic,bitmap,large_sparse.edgelist,0,2,100000,1000000,10.0,1.445,0.6920415224913495,99996,7,,,,/global/u1/a/aakaash/cs5220-final/parallel-bfs/build/bfs_linalg /global/u1/a/aakaash/cs5220-final/parallel-bfs/test-graphs/large_sparse.edgelist 0 bitmap
linear-algebraic,pushpull,large_sparse.edgelist,0,2,100000,1000000,10.0,1.792,0.5580357142857143,99996,7,,,,/global/u1/a/aakaash/cs5220-final/parallel-bfs/build/bfs_linalg /global/u1/a/aakaash/cs5220-final/parallel-bfs/test-graphs/large_sparse.edgelist 0 pushpull
linear-algebraic,warpbitmap,large_sparse.edgelist,0,2,100000,1000000,10.0,1.565,0.6389776357827477,99996,7,,,,/global/u1/a/aakaash/cs5220-final/parallel-bfs/build/bfs_linalg /global/u1/a/aakaash/cs5220-final/parallel-bfs/test-graphs/large_sparse.edgelist 0 warpbitmap
graph-first,direction-optimizing,large_sparse.edgelist,0,2,100000,1000000,10.0,8.231,0.12149192078726764,99996,7,7,5,3,/global/u1/a/aakaash/cs5220-final/parallel-bfs/build/bfs_graphfirst /global/u1/a/aakaash/cs5220-final/parallel-bfs/test-graphs/large_sparse.edgelist 0
linear-algebraic,baseline,large_sparse.edgelist,0,3,100000,1000000,10.0,1.705,0.5865102639296188,99996,7,,,,/global/u1/a/aakaash/cs5220-final/parallel-bfs/build/bfs_linalg /global/u1/a/aakaash/cs5220-final/parallel-bfs/test-graphs/large_sparse.edgelist 0 baseline
linear-algebraic,warp,large_sparse.edgelist,0,3,100000,1000000,10.0,1.807,0.5534034311012728,99996,7,,,,/global/u1/a/aakaash/cs5220-final/parallel-bfs/build/bfs_linalg /global/u1/a/aakaash/cs5220-final/parallel-bfs/test-graphs/large_sparse.edgelist 0 warp
linear-algebraic,bitmap,large_sparse.edgelist,0,3,100000,1000000,10.0,1.433,0.6978367062107467,99996,7,,,,/global/u1/a/aakaash/cs5220-final/parallel-bfs/build/bfs_linalg /global/u1/a/aakaash/cs5220-final/parallel-bfs/test-graphs/large_sparse.edgelist 0 bitmap
linear-algebraic,pushpull,large_sparse.edgelist,0,3,100000,1000000,10.0,1.797,0.5564830272676684,99996,7,,,,/global/u1/a/aakaash/cs5220-final/parallel-bfs/build/bfs_linalg /global/u1/a/aakaash/cs5220-final/parallel-bfs/test-graphs/large_sparse.edgelist 0 pushpull
linear-algebraic,warpbitmap,large_sparse.edgelist,0,3,100000,1000000,10.0,1.561,0.6406149903907752,99996,7,,,,/global/u1/a/aakaash/cs5220-final/parallel-bfs/build/bfs_linalg /global/u1/a/aakaash/cs5220-final/parallel-bfs/test-graphs/large_sparse.edgelist 0 warpbitmap
graph-first,direction-optimizing,large_sparse.edgelist,0,3,100000,1000000,10.0,9.498,0.1052853232259423,99996,7,7,5,3,/global/u1/a/aakaash/cs5220-final/parallel-bfs/build/bfs_graphfirst /global/u1/a/aakaash/cs5220-final/parallel-bfs/test-graphs/large_sparse.edgelist 0
linear-algebraic,baseline,large_sparse.edgelist,0,4,100000,1000000,10.0,1.729,0.578368999421631,99996,7,,,,/global/u1/a/aakaash/cs5220-final/parallel-bfs/build/bfs_linalg /global/u1/a/aakaash/cs5220-final/parallel-bfs/test-graphs/large_sparse.edgelist 0 baseline
linear-algebraic,warp,large_sparse.edgelist,0,4,100000,1000000,10.0,1.811,0.5521811154058531,99996,7,,,,/global/u1/a/aakaash/cs5220-final/parallel-bfs/build/bfs_linalg /global/u1/a/aakaash/cs5220-final/parallel-bfs/test-graphs/large_sparse.edgelist 0 warp
linear-algebraic,bitmap,large_sparse.edgelist,0,4,100000,1000000,10.0,8.905,0.11229646266142618,99996,7,,,,/global/u1/a/aakaash/cs5220-final/parallel-bfs/build/bfs_linalg /global/u1/a/aakaash/cs5220-final/parallel-bfs/test-graphs/large_sparse.edgelist 0 bitmap
linear-algebraic,pushpull,large_sparse.edgelist,0,4,100000,1000000,10.0,1.818,0.5500550055005501,99996,7,,,,/global/u1/a/aakaash/cs5220-final/parallel-bfs/build/bfs_linalg /global/u1/a/aakaash/cs5220-final/parallel-bfs/test-graphs/large_sparse.edgelist 0 pushpull
linear-algebraic,warpbitmap,large_sparse.edgelist,0,4,100000,1000000,10.0,1.568,0.6377551020408163,99996,7,,,,/global/u1/a/aakaash/cs5220-final/parallel-bfs/build/bfs_linalg /global/u1/a/aakaash/cs5220-final/parallel-bfs/test-graphs/large_sparse.edgelist 0 warpbitmap
graph-first,direction-optimizing,large_sparse.edgelist,0,4,100000,1000000,10.0,8.072,0.12388503468780972,99996,7,7,5,3,/global/u1/a/aakaash/cs5220-final/parallel-bfs/build/bfs_graphfirst /global/u1/a/aakaash/cs5220-final/parallel-bfs/test-graphs/large_sparse.edgelist 0
linear-algebraic,baseline,large_sparse.edgelist,0,5,100000,1000000,10.0,1.686,0.5931198102016607,99996,7,,,,/global/u1/a/aakaash/cs5220-final/parallel-bfs/build/bfs_linalg /global/u1/a/aakaash/cs5220-final/parallel-bfs/test-graphs/large_sparse.edgelist 0 baseline
linear-algebraic,warp,large_sparse.edgelist,0,5,100000,1000000,10.0,1.775,0.5633802816901409,99996,7,,,,/global/u1/a/aakaash/cs5220-final/parallel-bfs/build/bfs_linalg /global/u1/a/aakaash/cs5220-final/parallel-bfs/test-graphs/large_sparse.edgelist 0 warp
linear-algebraic,bitmap,large_sparse.edgelist,0,5,100000,1000000,10.0,1.447,0.691085003455425,99996,7,,,,/global/u1/a/aakaash/cs5220-final/parallel-bfs/build/bfs_linalg /global/u1/a/aakaash/cs5220-final/parallel-bfs/test-graphs/large_sparse.edgelist 0 bitmap
linear-algebraic,pushpull,large_sparse.edgelist,0,5,100000,1000000,10.0,1.798,0.5561735261401557,99996,7,,,,/global/u1/a/aakaash/cs5220-final/parallel-bfs/build/bfs_linalg /global/u1/a/aakaash/cs5220-final/parallel-bfs/test-graphs/large_sparse.edgelist 0 pushpull
linear-algebraic,warpbitmap,large_sparse.edgelist,0,5,100000,1000000,10.0,6.909,0.14473874656245475,99996,7,,,,/global/u1/a/aakaash/cs5220-final/parallel-bfs/build/bfs_linalg /global/u1/a/aakaash/cs5220-final/parallel-bfs/test-graphs/large_sparse.edgelist 0 warpbitmap
graph-first,direction-optimizing,large_sparse.edgelist,0,5,100000,1000000,10.0,1.912,0.5230125523012552,99996,7,7,5,3,/global/u1/a/aakaash/cs5220-final/parallel-bfs/build/bfs_graphfirst /global/u1/a/aakaash/cs5220-final/parallel-bfs/test-graphs/large_sparse.edgelist 0
linear-algebraic,baseline,large_sparse.edgelist,0,6,100000,1000000,10.0,10.926,0.09152480322167308,99996,7,,,,/global/u1/a/aakaash/cs5220-final/parallel-bfs/build/bfs_linalg /global/u1/a/aakaash/cs5220-final/parallel-bfs/test-graphs/large_sparse.edgelist 0 baseline
linear-algebraic,warp,large_sparse.edgelist,0,6,100000,1000000,10.0,1.804,0.5543237250554324,99996,7,,,,/global/u1/a/aakaash/cs5220-final/parallel-bfs/build/bfs_linalg /global/u1/a/aakaash/cs5220-final/parallel-bfs/test-graphs/large_sparse.edgelist 0 warp
linear-algebraic,bitmap,large_sparse.edgelist,0,6,100000,1000000,10.0,11.64,0.0859106529209622,99996,7,,,,/global/u1/a/aakaash/cs5220-final/parallel-bfs/build/bfs_linalg /global/u1/a/aakaash/cs5220-final/parallel-bfs/test-graphs/large_sparse.edgelist 0 bitmap
linear-algebraic,pushpull,large_sparse.edgelist,0,6,100000,1000000,10.0,1.802,0.5549389567147613,99996,7,,,,/global/u1/a/aakaash/cs5220-final/parallel-bfs/build/bfs_linalg /global/u1/a/aakaash/cs5220-final/parallel-bfs/test-graphs/large_sparse.edgelist 0 pushpull
linear-algebraic,warpbitmap,large_sparse.edgelist,0,6,100000,1000000,10.0,1.58,0.6329113924050632,99996,7,,,,/global/u1/a/aakaash/cs5220-final/parallel-bfs/build/bfs_linalg /global/u1/a/aakaash/cs5220-final/parallel-bfs/test-graphs/large_sparse.edgelist 0 warpbitmap
graph-first,direction-optimizing,large_sparse.edgelist,0,6,100000,1000000,10.0,1.925,0.5194805194805194,99996,7,7,5,3,/global/u1/a/aakaash/cs5220-final/parallel-bfs/build/bfs_graphfirst /global/u1/a/aakaash/cs5220-final/parallel-bfs/test-graphs/large_sparse.edgelist 0
linear-algebraic,baseline,large_sparse.edgelist,0,7,100000,1000000,10.0,1.701,0.5878894767783657,99996,7,,,,/global/u1/a/aakaash/cs5220-final/parallel-bfs/build/bfs_linalg /global/u1/a/aakaash/cs5220-final/parallel-bfs/test-graphs/large_sparse.edgelist 0 baseline
linear-algebraic,warp,large_sparse.edgelist,0,7,100000,1000000,10.0,19.212,0.05205080158234437,99996,7,,,,/global/u1/a/aakaash/cs5220-final/parallel-bfs/build/bfs_linalg /global/u1/a/aakaash/cs5220-final/parallel-bfs/test-graphs/large_sparse.edgelist 0 warp
linear-algebraic,bitmap,large_sparse.edgelist,0,7,100000,1000000,10.0,1.45,0.6896551724137931,99996,7,,,,/global/u1/a/aakaash/cs5220-final/parallel-bfs/build/bfs_linalg /global/u1/a/aakaash/cs5220-final/parallel-bfs/test-graphs/large_sparse.edgelist 0 bitmap
linear-algebraic,pushpull,large_sparse.edgelist,0,7,100000,1000000,10.0,1.817,0.5503577325261421,99996,7,,,,/global/u1/a/aakaash/cs5220-final/parallel-bfs/build/bfs_linalg /global/u1/a/aakaash/cs5220-final/parallel-bfs/test-graphs/large_sparse.edgelist 0 pushpull
linear-algebraic,warpbitmap,large_sparse.edgelist,0,7,100000,1000000,10.0,8.099,0.12347203358439314,99996,7,,,,/global/u1/a/aakaash/cs5220-final/parallel-bfs/build/bfs_linalg /global/u1/a/aakaash/cs5220-final/parallel-bfs/test-graphs/large_sparse.edgelist 0 warpbitmap
graph-first,direction-optimizing,large_sparse.edgelist,0,7,100000,1000000,10.0,1.926,0.5192107995846315,99996,7,7,5,3,/global/u1/a/aakaash/cs5220-final/parallel-bfs/build/bfs_graphfirst /global/u1/a/aakaash/cs5220-final/parallel-bfs/test-graphs/large_sparse.edgelist 0
linear-algebraic,baseline,large_sparse.edgelist,0,8,100000,1000000,10.0,1.709,0.5851375073142188,99996,7,,,,/global/u1/a/aakaash/cs5220-final/parallel-bfs/build/bfs_linalg /global/u1/a/aakaash/cs5220-final/parallel-bfs/test-graphs/large_sparse.edgelist 0 baseline
linear-algebraic,warp,large_sparse.edgelist,0,8,100000,1000000,10.0,1.803,0.5546311702717693,99996,7,,,,/global/u1/a/aakaash/cs5220-final/parallel-bfs/build/bfs_linalg /global/u1/a/aakaash/cs5220-final/parallel-bfs/test-graphs/large_sparse.edgelist 0 warp
linear-algebraic,bitmap,large_sparse.edgelist,0,8,100000,1000000,10.0,1.451,0.6891798759476223,99996,7,,,,/global/u1/a/aakaash/cs5220-final/parallel-bfs/build/bfs_linalg /global/u1/a/aakaash/cs5220-final/parallel-bfs/test-graphs/large_sparse.edgelist 0 bitmap
linear-algebraic,pushpull,large_sparse.edgelist,0,8,100000,1000000,10.0,11.489,0.08703977717817042,99996,7,,,,/global/u1/a/aakaash/cs5220-final/parallel-bfs/build/bfs_linalg /global/u1/a/aakaash/cs5220-final/parallel-bfs/test-graphs/large_sparse.edgelist 0 pushpull
linear-algebraic,warpbitmap,large_sparse.edgelist,0,8,100000,1000000,10.0,1.576,0.6345177664974619,99996,7,,,,/global/u1/a/aakaash/cs5220-final/parallel-bfs/build/bfs_linalg /global/u1/a/aakaash/cs5220-final/parallel-bfs/test-graphs/large_sparse.edgelist 0 warpbitmap
graph-first,direction-optimizing,large_sparse.edgelist,0,8,100000,1000000,10.0,36.525,0.02737850787132101,99996,7,7,5,3,/global/u1/a/aakaash/cs5220-final/parallel-bfs/build/bfs_graphfirst /global/u1/a/aakaash/cs5220-final/parallel-bfs/test-graphs/large_sparse.edgelist 0
linear-algebraic,baseline,large_sparse.edgelist,0,9,100000,1000000,10.0,1.701,0.5878894767783657,99996,7,,,,/global/u1/a/aakaash/cs5220-final/parallel-bfs/build/bfs_linalg /global/u1/a/aakaash/cs5220-final/parallel-bfs/test-graphs/large_sparse.edgelist 0 baseline
linear-algebraic,warp,large_sparse.edgelist,0,9,100000,1000000,10.0,11.757,0.08505571149102663,99996,7,,,,/global/u1/a/aakaash/cs5220-final/parallel-bfs/build/bfs_linalg /global/u1/a/aakaash/cs5220-final/parallel-bfs/test-graphs/large_sparse.edgelist 0 warp
linear-algebraic,bitmap,large_sparse.edgelist,0,9,100000,1000000,10.0,1.434,0.697350069735007,99996,7,,,,/global/u1/a/aakaash/cs5220-final/parallel-bfs/build/bfs_linalg /global/u1/a/aakaash/cs5220-final/parallel-bfs/test-graphs/large_sparse.edgelist 0 bitmap
linear-algebraic,pushpull,large_sparse.edgelist,0,9,100000,1000000,10.0,1.799,0.5558643690939411,99996,7,,,,/global/u1/a/aakaash/cs5220-final/parallel-bfs/build/bfs_linalg /global/u1/a/aakaash/cs5220-final/parallel-bfs/test-graphs/large_sparse.edgelist 0 pushpull
linear-algebraic,warpbitmap,large_sparse.edgelist,0,9,100000,1000000,10.0,14.387,0.06950719399457844,99996,7,,,,/global/u1/a/aakaash/cs5220-final/parallel-bfs/build/bfs_linalg /global/u1/a/aakaash/cs5220-final/parallel-bfs/test-graphs/large_sparse.edgelist 0 warpbitmap
graph-first,direction-optimizing,large_sparse.edgelist,0,9,100000,1000000,10.0,1.912,0.5230125523012552,99996,7,7,5,3,/global/u1/a/aakaash/cs5220-final/parallel-bfs/build/bfs_graphfirst /global/u1/a/aakaash/cs5220-final/parallel-bfs/test-graphs/large_sparse.edgelist 0
linear-algebraic,baseline,large_sparse.edgelist,0,10,100000,1000000,10.0,1.685,0.5934718100890207,99996,7,,,,/global/u1/a/aakaash/cs5220-final/parallel-bfs/build/bfs_linalg /global/u1/a/aakaash/cs5220-final/parallel-bfs/test-graphs/large_sparse.edgelist 0 baseline
linear-algebraic,warp,large_sparse.edgelist,0,10,100000,1000000,10.0,1.794,0.5574136008918618,99996,7,,,,/global/u1/a/aakaash/cs5220-final/parallel-bfs/build/bfs_linalg /global/u1/a/aakaash/cs5220-final/parallel-bfs/test-graphs/large_sparse.edgelist 0 warp
linear-algebraic,bitmap,large_sparse.edgelist,0,10,100000,1000000,10.0,1.445,0.6920415224913495,99996,7,,,,/global/u1/a/aakaash/cs5220-final/parallel-bfs/build/bfs_linalg /global/u1/a/aakaash/cs5220-final/parallel-bfs/test-graphs/large_sparse.edgelist 0 bitmap
linear-algebraic,pushpull,large_sparse.edgelist,0,10,100000,1000000,10.0,11.133,0.08982304859426929,99996,7,,,,/global/u1/a/aakaash/cs5220-final/parallel-bfs/build/bfs_linalg /global/u1/a/aakaash/cs5220-final/parallel-bfs/test-graphs/large_sparse.edgelist 0 pushpull
linear-algebraic,warpbitmap,large_sparse.edgelist,0,10,100000,1000000,10.0,1.579,0.6333122229259025,99996,7,,,,/global/u1/a/aakaash/cs5220-final/parallel-bfs/build/bfs_linalg /global/u1/a/aakaash/cs5220-final/parallel-bfs/test-graphs/large_sparse.edgelist 0 warpbitmap
graph-first,direction-optimizing,large_sparse.edgelist,0,10,100000,1000000,10.0,1.905,0.5249343832020997,99996,7,7,5,3,/global/u1/a/aakaash/cs5220-final/parallel-bfs/build/bfs_graphfirst /global/u1/a/aakaash/cs5220-final/parallel-bfs/test-graphs/large_sparse.edgelist 0
